stop_id,stop_code,stop_name,stop_desc,stop_lat,stop_lon,zone_id,stop_url,location_type,parent_station,wheelchair_boarding
0001,,"ST AMAND PISCINE",,  50.444522,   3.439004,,,0,,0
0002,,"REMPART",,  50.362336,   3.521084,,,0,,0
0003,,"VALENCIENNES GARE - QUAI C",,  50.363627,   3.518055,,,0,place_GARE,1
0007,,"DAMPIERRE",,  50.357360,   3.503640,,,0,,0
0008,,"VALENCIENNES HOPITAL",,  50.359027,   3.500641,,,0,,1
0010,,"ST WAAST PLACE",,  50.362449,   3.493678,,,0,,0
0016,,"BRUYERES",,  50.357053,   3.493297,,,0,,1
0018,,"ANZIN CHATEAU D' EAU",,  50.369390,   3.497372,,,0,,0
0019,,"ANZIN RESISTANCE",,  50.370225,   3.492351,,,0,,1
0020,,"LENINE",,  50.371162,   3.482183,,,0,,0
0021,,"PF CENTRE COMMERCIAL",,  50.377849,   3.476648,,,0,place_PFC,1
0022,,"CORREZZOLA",,  50.373560,   3.462490,,,0,,0
0023,,"DUCLOS",,  50.372105,   3.470578,,,0,,1
0028,,"CARDON",,  50.354771,   3.530361,,,0,,1
0029,,"CANADA",,  50.352575,   3.525233,,,0,,0
0030,,"STADE NUNGESSER",,  50.348209,   3.524827,,,0,,0
0031,,"AVENUE DE REIMS",,  50.345264,   3.525741,,,0,,0
0032,,"BRIQUETTE EGLISE",,  50.343181,   3.525966,,,0,,0
0034,,"CHEMIN DES BOURGEOIS",,  50.343711,   3.519481,,,0,,0
0037,,"CFA AFOBAT",,  50.335834,   3.524222,,,0,,0
0040,,"CHEMIN VERT",,  50.330889,   3.513711,,,0,place_TYCHVE,0
0041,,"RES. UNIVERSITAIRE",,  50.328745,   3.512776,,,0,place_AUL,0
0042,,"PONT JACOB",,  50.365597,   3.514464,,,0,place_TYLYES,0
0046,,"KLEBER",,  50.373618,   3.500840,,,0,,0
0047,,"MONT DE SABLE",,  50.376863,   3.497747,,,0,,0
0048,,"CITE CARPEAUX",,  50.378655,   3.496031,,,0,,0
0049,,"GABRIEL PERI",,  50.382578,   3.492355,,,0,,0
0050,,"GILBERTE",,  50.384652,   3.490809,,,0,,0
0051,,"RUE DE BEUVRAGES",,  50.389048,   3.487551,,,0,,0
0052,,"RAISMES PLACE",,  50.392476,   3.483736,,,0,,1
0053,,"RAISMES SNCF",,  50.392315,   3.477147,,,0,,0
0054,,"PETIT VICOIGNE",,  50.393671,   3.470953,,,0,,0
0055,,"PONT DU ROI",,  50.397086,   3.466261,,,0,,0
0056,,"VICOIGNE PLACE",,  50.399748,   3.462978,,,0,,0
0057,,"VICOIGNE EGLISE",,  50.404189,   3.459825,,,0,,0
0058,,"CULBUTE",,  50.407465,   3.457438,,,0,,0
0060,,"FORET",,  50.418331,   3.448597,,,0,,0
0061,,"GRISE CHEMISE",,  50.425516,   3.444053,,,0,,1
0062,,"PONT DE PIERRE",,  50.432303,   3.436385,,,0,,0
0063,,"MOULIN DES LOUPS",,  50.436510,   3.432824,,,0,,0
0064,,"CROIX DU PETIT DIEU",,  50.439265,   3.431988,,,0,,0
0066,,"ST AMAND EGLISE",,  50.446390,   3.431215,,,0,,1
0067,,"AVENUE DU CLOS",,  50.449286,   3.433943,,,0,,0
0069,,"ANZIN HOTEL DE VILLE",,  50.368573,   3.502319,,,0,place_TYANH,1
0070,,"SAULT.CHATEAU D'EAU",,  50.334663,   3.588107,,,0,,1
0071,,"ST AMAND SNCF",,  50.443648,   3.419050,,,0,place_SAS,1
0072,,"DUSSART",,  50.397181,   3.491555,,,0,,1
0073,,"RAISMES MARAIS",,  50.399065,   3.496636,,,0,,1
0074,,"REPOS DU CHASSEUR",,  50.400528,   3.501168,,,0,,1
0075,,"SABATIER",,  50.404271,   3.506345,,,0,,0
0076,,"PINSON",,  50.405083,   3.510957,,,0,,0
0077,,"PERIER",,  50.403566,   3.515051,,,0,,0
0078,,"CERNAY",,  50.406265,   3.518591,,,0,,0
0079,,"PINSON EGLISE",,  50.402688,   3.522117,,,0,,0
0080,,"LES SOUPIRS",,  50.399241,   3.525494,,,0,,1
0081,,"ROLLIN",,  50.399639,   3.528786,,,0,,0
0083,,"BRUAY PLACE",,  50.397311,   3.535651,,,0,place_BRU,0
0084,,"BRABANT",,  50.388169,   3.605437,,,0,,0
0085,,"DEGUISE",,  50.416875,   3.404505,,,0,,0
0086,,"PELLOUTIER",,  50.414950,   3.400744,,,0,,0
0087,,"CHEMIN DES MOULINS",,  50.414940,   3.393833,,,0,,0
0088,,"HASNON CALVAIRE",,  50.416913,   3.387513,,,0,,0
0089,,"HASNON PLACE",,  50.423975,   3.386322,,,0,,0
0090,,"HASNON CATAINE",,  50.417959,   3.373924,,,0,,0
0092,,"MATHIEU",,  50.371302,   3.508072,,,0,,0
0095,,"ANZIN CHAPELLE",,  50.378448,   3.512038,,,0,,0
0096,,"MARGUERITE LEDUC",,  50.384594,   3.513315,,,0,,1
0097,,"PARC FENELON",,  50.384516,   3.509348,,,0,,1
0098,,"BEUVRAGES CENTRE",,  50.385843,   3.506827,,,0,,1
0100,,"DANNA",,  50.387084,   3.497517,,,0,,0
0102,,"ROMAINVILLE",,  50.352901,   3.534553,,,0,,0
0103,,"BLANCS BALLONS",,  50.351312,   3.539855,,,0,,0
0104,,"MARLY PLACE",,  50.350074,   3.544504,,,0,,1
0105,,"FONTINETTES",,  50.347594,   3.550274,,,0,,1
0106,,"RHONELLE",,  50.346803,   3.543359,,,0,,1
0107,,"PONT DES IMBECILES",,  50.343393,   3.546794,,,0,,1
0119,,"POINT DU JOUR",,  50.400556,   3.543871,,,0,,0
0120,,"FRUITIER",,  50.401766,   3.545587,,,0,place_FRUIT,0
0121,,"HAUTS CHAMPS",,  50.405184,   3.550147,,,0,place_HOCHA,0
0122,,"THIERS",,  50.409278,   3.555680,,,0,place_THI,0
0123,,"BRUNEHAUT",,  50.414687,   3.558777,,,0,place_BHUNEH,0
0124,,"ESCAUTPONT CIMETIERE",,  50.421712,   3.560618,,,0,place_ESPON,0
0125,,"ESCAUTPONT PLACE",,  50.423702,   3.563340,,,0,place_EVP,0
0126,,"PASTEUR",,  50.428968,   3.570493,,,0,,0
0127,,"FRESNES GARE",,  50.431313,   3.574740,,,0,,0
0128,,"FRESNES MAIRIE",,  50.433012,   3.578190,,,0,place_FRMAIR,1
0129,,"BERGER",,  50.436433,   3.583288,,,0,,0
0130,,"CONDE GARE",,  50.444092,   3.589132,,,0,,0
0131,,"SQUARE DE L' ESCAUT",,  50.446265,   3.591298,,,0,,0
0132,,"CONDE PLACE",,  50.448606,   3.593941,,,0,place_CON,0
0133,,"ROMBAULT",,  50.451410,   3.592869,,,0,,0
0134,,"BIFURCATION",,  50.454378,   3.587561,,,0,,0
0135,,"MECANICIEN",,  50.455830,   3.583462,,,0,place_MCN,0
0136,,"VIEUX CONDE STADE",,  50.456263,   3.579053,,,0,,0
0137,,"LE BOULON",,  50.456763,   3.574531,,,0,place_BOLON,0
0141,,"ST MARTIN",,  50.460757,   3.557887,,,0,,0
0142,,"TRIANGLE",,  50.463709,   3.554644,,,0,,0
0143,,"MALIN",,  50.466296,   3.548455,,,0,,0
0144,,"HERGNIES ECOLES",,  50.468506,   3.541891,,,0,,0
0145,,"LES QUENOY",,  50.471429,   3.531233,,,0,,0
0148,,"PATTE D'OIE",,  50.462354,   3.569000,,,0,,0
0149,,"FLAQUIT",,  50.469554,   3.572021,,,0,,0
0150,,"CORON VERT",,  50.473885,   3.573688,,,0,,0
0151,,"SOLITUDE",,  50.478908,   3.576885,,,0,place_SOL,0
0152,,"DELORY",,  50.482359,   3.580245,,,0,,0
0153,,"CAMELINAT",,  50.488624,   3.581825,,,0,,0
0154,,"MONT DE PERUWELZ",,  50.490497,   3.584916,,,0,,0
0155,,"CLG JOSQUIN DES PRES",,  50.458148,   3.586855,,,0,place_FQR,0
0156,,"TABARY",,  50.456905,   3.588559,,,0,,0
0160,,"DIGUE NOIRE",,  50.467192,   3.605877,,,0,,0
0161,,"LORETTE",,  50.469579,   3.609482,,,0,,0
0162,,"ROSIERS",,  50.486353,   3.579177,,,0,,0
0164,,"COLISEE",,  50.470453,   3.599571,,,0,,0
0165,,"MAISON BLANCHE",,  50.472896,   3.598091,,,0,,0
0166,,"FRESNES CACHIN",,  50.433526,   3.560878,,,0,,0
0167,,"BONSECOURS",,  50.494683,   3.605881,,,0,,0
0169,,"JULES GUESDE",,  50.436339,   3.570377,,,0,,0
0170,,"VICTOR HUGO",,  50.437758,   3.564652,,,0,,0
0171,,"TRIEU DE FRESNES",,  50.436945,   3.559242,,,0,,0
0173,,"ROLEUR",,  50.363022,   3.534087,,,0,,0
0174,,"COLART CRESTE",,  50.365564,   3.541035,,,0,,0
0175,,"MARQUIS",,  50.366620,   3.544314,,,0,,0
0176,,"DUCHESNOIS",,  50.368433,   3.548986,,,0,,0
0177,,"ST SAULVE EGLISE",,  50.369356,   3.551590,,,0,,0
0178,,"ST SAULVE DOUANE",,  50.371702,   3.557966,,,0,,0
0179,,"GUINDAL",,  50.373606,   3.563101,,,0,,0
0180,,"PETIT ST SAULVE",,  50.376498,   3.571254,,,0,,1
0182,,"ONNAING CALVAIRE",,  50.382656,   3.588471,,,0,,1
0183,,"ONNAING ST JOSEPH",,  50.384844,   3.593509,,,0,,0
0184,,"ZOLA",,  50.385916,   3.597636,,,0,,0
0185,,"ONNAING PLACE",,  50.386811,   3.600815,,,0,,0
0186,,"ONNAING CIMETIERE",,  50.389016,   3.609167,,,0,,0
0187,,"DANGREAU",,  50.390465,   3.615287,,,0,,0
0188,,"QUAROUBLE 4 PAVES",,  50.391325,   3.618925,,,0,,0
0189,,"RICHARD",,  50.393097,   3.626630,,,0,,0
0190,,"PRINCE DE LIGNE",,  50.394926,   3.634415,,,0,,0
0191,,"AUNICHE",,  50.396679,   3.641853,,,0,,0
0192,,"EMBLISE",,  50.398312,   3.648798,,,0,,0
0193,,"POSTILLON",,  50.399613,   3.654413,,,0,,0
0194,,"CRONTE VOYE",,  50.400682,   3.658888,,,0,,0
0195,,"BL MISSERON 4 PAVES",,  50.402501,   3.668080,,,0,,0
0196,,"FRONTIERE",,  50.403031,   3.672654,,,0,,0
0198,,"TRAVERSIERE",,  50.410927,   3.663225,,,0,,0
0199,,"CRESPIN ECOLE",,  50.415154,   3.661560,,,0,,0
0200,,"GAY LUSSAC",,  50.375840,   3.474302,,,0,,1
0201,,"ECOLE MOYENNE",,  50.407852,   3.682932,,,0,,0
0202,,"LE CORON",,  50.420940,   3.654209,,,0,,0
0203,,"LOUVIERE",,  50.424112,   3.659550,,,0,,0
0204,,"CRESPIN ANC. MAIRIE",,  50.421775,   3.663421,,,0,,0
0205,,"RUE DU QUESNOY",,  50.394659,   3.663276,,,0,,0
0206,,"QUIEVRECH. CALVAIRE",,  50.392157,   3.663416,,,0,,0
0207,,"AVENUE PASTEUR",,  50.391499,   3.669314,,,0,,0
0209,,"RUE DE LA LIBERTE",,  50.390244,   3.594341,,,0,,0
0210,,"BERTHELOT",,  50.392865,   3.595297,,,0,,0
0211,,"LES 4 CHASSES",,  50.395146,   3.591943,,,0,,0
0212,,"CUVINOT",,  50.398227,   3.596386,,,0,,0
0213,,"CUVINOT ECOLE",,  50.401936,   3.602647,,,0,,1
0214,,"EDGAR SIZAIRE",,  50.407118,   3.603032,,,0,,0
0215,,"CARPENTIER",,  50.409478,   3.601808,,,0,,1
0216,,"VICQ MARAIS",,  50.412002,   3.600131,,,0,,0
0219,,"QUAROUBLE CENTRE",,  50.385906,   3.624831,,,0,,0
0221,,"QUAROUBLE MESANGES",,  50.381732,   3.626902,,,0,,1
0223,,"CHASSE ROYALE",,  50.352426,   3.494766,,,0,,0
0224,,"QUARTIER LOMPREZ",,  50.351004,   3.491720,,,0,,0
0225,,"LA SENTINELLE",,  50.348094,   3.485618,,,0,,0
0229,,"PETIT COUVENT",,  50.336673,   3.461430,,,0,,0
0230,,"ROUVIGNIES MAIRIE",,  50.327407,   3.441925,,,0,,0
0231,,"ROUVIGNIES EGLISE",,  50.325390,   3.437600,,,0,,1
0232,,"PRISE D' EAU",,  50.328714,   3.429731,,,0,,0
0233,,"BLIGNIERES",,  50.329676,   3.424959,,,0,,0
0234,,"BASE DE LOISIRS",,  50.330677,   3.416840,,,0,,0
0235,,"WAVRECHAIN",,  50.330692,   3.413095,,,0,,0
0236,,"LYCEES KASTLER",,  50.329469,   3.407528,,,0,,0
0237,,"RUE D'HAVELUY",,  50.331176,   3.402683,,,0,,0
0239,,"CHEMIN LATERAL",,  50.341010,   3.381204,,,0,,0
0240,,"ESPACE VILLARS",,  50.326026,   3.392693,,,0,place_DLB,1
0241,,"MOUSSERON",,  50.326327,   3.387710,,,0,,1
0242,,"ORLEANS",,  50.324436,   3.381779,,,0,,1
0243,,"BAUDIN",,  50.322426,   3.376691,,,0,,1
0244,,"BESSEMER",,  50.319766,   3.370142,,,0,,1
0245,,"LOURCHES CHAPELLE",,  50.317061,   3.361405,,,0,,1
0246,,"COLLEGE VOLTAIRE",,  50.315573,   3.355495,,,0,place_PLOU,1
0247,,"LOURCHES EGLISE",,  50.314683,   3.352418,,,0,,1
0249,,"ECLAIREUR",,  50.312949,   3.346872,,,0,,1
0250,,"OLEJNICZAK",,  50.311259,   3.339439,,,0,,0
0252,,"ROEULX MAIRIE",,  50.306859,   3.334530,,,0,,0
0253,,"SCHNEIDER",,  50.316516,   3.342798,,,0,,0
0254,,"FOSSE DE ROEULX",,  50.320152,   3.342893,,,0,,0
0255,,"ESCAUDAIN 4 CHEMINS",,  50.328048,   3.343681,,,0,,0
0256,,"ESCAUDAIN PLACE",,  50.333875,   3.344328,,,0,,1
0257,,"GARE DES MINES",,  50.338514,   3.345314,,,0,,0
0258,,"ESCAUDAIN MAROC",,  50.341006,   3.346259,,,0,,0
0259,,"SOCRATE",,  50.309839,   3.346291,,,0,,0
0260,,"ALBERT COUSIN",,  50.304896,   3.348502,,,0,,0
0261,,"NEUVILLE MAIRIE",,  50.299152,   3.352403,,,0,,1
0263,,"ROMBIES CENTRE",,  50.364190,   3.642539,,,0,,0
0264,,"PROUVY PLACE",,  50.318524,   3.449880,,,0,,0
0265,,"ESPLANADE",,  50.357351,   3.516214,,,0,place_PDAL,0
0266,,"FAUBOURG DE PARIS",,  50.353181,   3.513567,,,0,,0
0267,,"GIARD",,  50.354419,   3.508628,,,0,,0
0268,,"ROSERAIE",,  50.354049,   3.489963,,,0,,1
0270,,"SENTINELLE POSTE",,  50.352556,   3.483035,,,0,,0
0271,,"LEGRAND",,  50.352957,   3.478087,,,0,,0
0272,,"8 MAISONS",,  50.353149,   3.473357,,,0,,0
0273,,"DUVANT",,  50.357524,   3.537821,,,0,,0
0274,,"PIERARD",,  50.358923,   3.540930,,,0,,0
0275,,"GENDARMERIE",,  50.361245,   3.540929,,,0,,0
0276,,"ALOUETTES",,  50.363194,   3.547729,,,0,,0
0277,,"EUROPE",,  50.364623,   3.551419,,,0,,0
0278,,"CHATAIGNERAIE",,  50.366711,   3.557185,,,0,,0
0279,,"ROUTE D' ESTREUX",,  50.367525,   3.559920,,,0,,0
0280,,"SCHUMAN",,  50.364984,   3.559702,,,0,,0
0281,,"MERMOZ",,  50.363729,   3.561774,,,0,,0
0282,,"ST SAULVE PLACE",,  50.375247,   3.554323,,,0,,0
0283,,"BAS MARAIS",,  50.382359,   3.556715,,,0,,0
0286,,"JAURES",,  50.332021,   3.392470,,,0,,0
0287,,"GARE DU NORD",,  50.334058,   3.388415,,,0,,0
0288,,"CARAMAN",,  50.330299,   3.384828,,,0,,0
0289,,"MATHILDE",,  50.331171,   3.381966,,,0,,0
0290,,"NAPOLEON",,  50.332104,   3.377821,,,0,,0
0291,,"PONT LUCE",,  50.333017,   3.368340,,,0,,0
0292,,"PEUPLIERS",,  50.332965,   3.359432,,,0,,0
0293,,"ESCAUDAIN CIMETIERE",,  50.332019,   3.353120,,,0,,0
0295,,"FRANCINE",,  50.335834,   3.338792,,,0,,0
0297,,"PHILIPPE",,  50.335518,   3.332381,,,0,,0
0298,,"LES 2 FERMES",,  50.331464,   3.315960,,,0,,0
0299,,"CORON DE LA GUERRE",,  50.333053,   3.305957,,,0,,1
0300,,"ABSCON PLACE",,  50.333726,   3.301675,,,0,,0
0301,,"BOULIEZ",,  50.329014,   3.300851,,,0,,0
0302,,"ABSCON REPUBLIQUE",,  50.325616,   3.296453,,,0,,1
0303,,"COLLEGE BAYARD",,  50.336900,   3.385206,,,0,,1
0305,,"LES QUARANTE",,  50.345626,   3.374624,,,0,,0
0306,,"LAMBRECHT",,  50.350058,   3.367943,,,0,,1
0307,,"HELESMES MOULIN",,  50.356659,   3.359203,,,0,,0
0308,,"HELESMES CHATEAU",,  50.361688,   3.360131,,,0,,0
0309,,"HELESMES EGLISE",,  50.363963,   3.359769,,,0,,0
0310,,"HELESMES MAIRIE",,  50.367532,   3.357242,,,0,,0
0311,,"HENRI DURRE",,  50.370777,   3.358732,,,0,,0
0312,,"JUSTIN GUIOT",,  50.373168,   3.359611,,,0,,0
0313,,"HELESMES TERMINUS",,  50.376973,   3.361237,,,0,,0
0316,,"GRANDS CHAMPS",,  50.348280,   3.402240,,,0,,0
0317,,"COQUELICOTS",,  50.348854,   3.404359,,,0,,0
0318,,"ARTHUR BRUNET",,  50.350045,   3.410072,,,0,,0
0319,,"FELIX FAURE",,  50.352642,   3.409347,,,0,,0
0320,,"DESCARPENTRY",,  50.356454,   3.405492,,,0,,0
0322,,"HAVELUY MAIRIE",,  50.356147,   3.402447,,,0,,1
0323,,"LYCEE POLYVALENT",,  50.323086,   3.397260,,,0,,0
0324,,"PONT DE L'ENCLOS",,  50.319212,   3.397602,,,0,,0
0327,,"JACQUES BREL",,  50.320601,   3.402341,,,0,,1
0328,,"ANATOLE FRANCE",,  50.320076,   3.409333,,,0,,0
0329,,"MOLIERE",,  50.320757,   3.412369,,,0,,0
0330,,"HAULCHIN RACINE",,  50.319798,   3.417197,,,0,,0
0334,,"DOUCHY HAINAUT",,  50.301968,   3.396525,,,0,,0
0335,,"JULIEN RENARD",,  50.300138,   3.392710,,,0,,1
0337,,"DOUCHY MAIRIE ANNEXE",,  50.302716,   3.387703,,,0,,0
0340,,"KILOMETRE",,  50.323657,   3.519439,,,0,,0
0341,,"MINEUR",,  50.319235,   3.518331,,,0,,0
0342,,"FAMARS PLACE",,  50.314503,   3.518758,,,0,,0
0343,,"LES 3 BOULEAUX",,  50.311292,   3.517578,,,0,,0
0345,,"MARRONNIER",,  50.291839,   3.539275,,,0,,0
0347,,"ARTRES CAVINS",,  50.296380,   3.542297,,,0,,0
0349,,"AULNOY MONUMENT",,  50.328678,   3.527134,,,0,,0
0350,,"MARIE CURIE",,  50.325843,   3.524493,,,0,,0
0351,,"CIMENTERIE",,  50.287755,   3.338781,,,0,,0
0354,,"SAULTAIN BARRIERE",,  50.341102,   3.563468,,,0,,0
0355,,"SAULTAIN EGLISE",,  50.336642,   3.575431,,,0,,1
0356,,"CHEMIN DES WUILLONS",,  50.335962,   3.582069,,,0,,0
0357,,"CURGIES MAIRIE",,  50.330323,   3.601458,,,0,,0
0358,,"CURGIES CHAPELLE",,  50.328661,   3.607675,,,0,,0
0360,,"LE GRAND CHAMP",,  50.343000,   3.588161,,,0,,0
0361,,"FERME DU MOULIN",,  50.347710,   3.591109,,,0,,0
0362,,"ESTREUX EGLISE",,  50.350494,   3.594527,,,0,,0
0363,,"PAS DE CHEVAL",,  50.352608,   3.595797,,,0,,0
0364,,"MERRHEIM",,  50.325528,   3.380003,,,0,,0
0365,,"CAMBRESIS",,  50.324852,   3.366894,,,0,,0
0366,,"1/4 DE 6 HEURES",,  50.325162,   3.359422,,,0,,1
0367,,"SIX MARIANNES",,  50.328555,   3.334630,,,0,,0
0368,,"BOURRELIER",,  50.335880,   3.295244,,,0,,1
0369,,"LES BAILLONS",,  50.336973,   3.287803,,,0,,0
0371,,"CHABAUD LATOUR",,  50.334052,   3.400520,,,0,,0
0372,,"QUIEVRAIN GARE",,  50.409920,   3.686519,,,0,,0
0374,,"WALLERS 4 RUES",,  50.373425,   3.392514,,,0,,0
0375,,"ABREUVOIR",,  50.378674,   3.393475,,,0,,0
0376,,"WALLERS GARE",,  50.383793,   3.394783,,,0,,0
0377,,"GRAND BRAY",,  50.410050,   3.402395,,,0,,0
0380,,"COLLEGE MOULIN BLANC",,  50.443682,   3.409270,,,0,,0
0381,,"COLLEGE MOULIN BLANC",,  50.443942,   3.409177,,,0,,1
0382,,"VICTOR NOIR",,  50.320630,   3.378922,,,0,,0
0383,,"FAIDHERBE",,  50.318463,   3.375047,,,0,,0
0384,,"MARTIN",,  50.316620,   3.372506,,,0,,0
0385,,"MIRABEAU",,  50.312220,   3.367298,,,0,,0
0386,,"PERUWELZ INSTI TECH",,  50.505704,   3.594353,,,0,,0
0387,,"BOCCA",,  50.307340,   3.383812,,,0,,0
0388,,"PARRAIN",,  50.298304,   3.381513,,,0,,0
0392,,"FLEURY",,  50.276340,   3.406545,,,0,,0
0393,,"L'AUBETTE",,  50.264182,   3.410236,,,0,,0
0394,,"HASPRES GARE",,  50.261350,   3.414469,,,0,,0
0395,,"HASPRES PLACE",,  50.258742,   3.417612,,,0,,1
0397,,"SAINT PE",,  50.314556,   3.389336,,,0,,0
0398,,"JOLIOT CURIE",,  50.306291,   3.387655,,,0,,1
0399,,"BARBUSSE",,  50.303466,   3.388833,,,0,,1
0401,,"ZINCIQUES",,  50.283024,   3.335354,,,0,,0
0402,,"TABAC",,  50.274674,   3.345412,,,0,,0
0403,,"LIEU ST AMAND STADE",,  50.271312,   3.340528,,,0,,1
0404,,"BOUCHAIN GARE",,  50.278462,   3.331760,,,0,,1
0405,,"BOUCHAIN PLACE",,  50.281842,   3.321006,,,0,,1
0406,,"BOUCHAIN EGLISE",,  50.283982,   3.317348,,,0,,0
0407,,"BOUCHAIN OSTREVANT",,  50.285310,   3.312648,,,0,,0
0409,,"HORDAIN LE PAVE",,  50.263468,   3.320654,,,0,,0
0410,,"PERUWELZ PLACE",,  50.510740,   3.593569,,,0,,0
0411,,"HORDAIN S. DE SPORT",,  50.262229,   3.315021,,,0,,0
0412,,"VOSGES",,  50.342581,   3.516229,,,0,place_TYVOSG,1
0413,,"HAULCHIN PYRAMIDE",,  50.317645,   3.421161,,,0,,1
0414,,"SENTIER DE DOUCHY",,  50.315578,   3.427466,,,0,,0
0415,,"HAULCHIN CENTRE",,  50.317781,   3.433747,,,0,,0
0416,,"CITE USINOR",,  50.315063,   3.438644,,,0,,0
0417,,"HAULCHIN GARE",,  50.311679,   3.432378,,,0,,0
0418,,"BERNISSART",,  50.457261,   3.591560,,,0,,0
0420,,"CHEMINOTS",,  50.361539,   3.507311,,,0,,0
0421,,"MONACO",,  50.359031,   3.505702,,,0,,0
0422,,"ESCAUDAIN STADE",,  50.331359,   3.339302,,,0,,0
0424,,"CENTRE F.P.A.",,  50.353148,   3.469394,,,0,,1
0425,,"JACQUET",,  50.352614,   3.461399,,,0,,0
0426,,"RAPART",,  50.352525,   3.455794,,,0,,0
0430,,"HERIN PL DU MONUMENT",,  50.355380,   3.453292,,,0,,0
0431,,"HERIN GRAND PLACE",,  50.357973,   3.452184,,,0,,0
0432,,"LA ROUGEVILLE",,  50.374448,   3.539216,,,0,,0
0433,,"MACAREZ",,  50.370836,   3.534510,,,0,,0
0434,,"HOTEL DES IMPOTS",,  50.366469,   3.528414,,,0,,0
0436,,"FLORENT GILLES",,  50.336757,   3.483111,,,0,,1
0439,,"TRITH GARE",,  50.331228,   3.488038,,,0,,0
0441,,"TRITH PLACE",,  50.323544,   3.483003,,,0,,0
0442,,"TRITH FORT",,  50.320721,   3.479972,,,0,,0
0443,,"CLOUTERIE",,  50.319509,   3.472209,,,0,,0
0444,,"PROUVY GARE",,  50.316342,   3.461183,,,0,,0
0445,,"PROUVY P.N.",,  50.315464,   3.455077,,,0,,0
0446,,"SQUARE BEUGNIES",,  50.321758,   3.451388,,,0,,1
0448,,"AUBRY PLACE",,  50.369773,   3.466142,,,0,,1
0449,,"AUBRY LE MARAIS",,  50.367832,   3.459639,,,0,,0
0450,,"MARECHAL",,  50.360582,   3.450233,,,0,,0
0451,,"LE PLUS COURT",,  50.359721,   3.447159,,,0,,0
0456,,"LES SAULES",,  50.340107,   3.507016,,,0,,0
0457,,"HOTEL DES FORGES",,  50.334932,   3.504052,,,0,,0
0459,,"FONTENELLE",,  50.321861,   3.500443,,,0,,1
0460,,"TRITH CIMETIERE",,  50.326578,   3.483400,,,0,,0
0465,,"MAING MAIRIE",,  50.308244,   3.484010,,,0,,1
0466,,"CUVELIER",,  50.305485,   3.479301,,,0,,1
0469,,"THIANT PLACE",,  50.304569,   3.451012,,,0,,0
0470,,"THIANT CAOUTI",,  50.309285,   3.448071,,,0,,1
0471,,"THIANT JAURES",,  50.303045,   3.445705,,,0,,0
0473,,"BEAUDELIERS",,  50.378403,   3.576499,,,0,,1
0474,,"HUMANITE",,  50.325026,   3.482285,,,0,,0
0475,,"CHAMPAGNE",,  50.339482,   3.524934,,,0,,0
0476,,"MARAICAUX",,  50.393778,   3.485533,,,0,,1
0477,,"CAMBRINUS",,  50.426330,   3.566774,,,0,,0
0478,,"ETS DES FORGES",,  50.322511,   3.382773,,,0,,0
0480,,"CHAPELLE ST MARTIN",,  50.344310,   3.640702,,,0,,1
0481,,"CINQ QUARTS",,  50.351475,   3.637961,,,0,,0
0482,,"SEBOURQUIAUX CASCADE",,  50.352248,   3.650296,,,0,,0
0483,,"VERIMETZ",,  50.340549,   3.651900,,,0,,0
0484,,"SEBOURG TRIEZ",,  50.334866,   3.652477,,,0,,1
0485,,"SEBOURG EGLISE",,  50.344538,   3.645150,,,0,,0
0487,,"CORBEAU",,  50.350378,   3.648919,,,0,,0
0488,,"RUE D'EN HAUT",,  50.351189,   3.652947,,,0,,0
0489,,"PERUWELZ GARE",,  50.513457,   3.592782,,,0,,0
0490,,"ANZIN CIMETIERE",,  50.367596,   3.501088,,,0,,0
0491,,"7 CHEMINS",,  50.339251,   3.481132,,,0,,0
0492,,"WALLERS HERTAIN",,  50.373763,   3.383116,,,0,place_WAH,0
0493,,"FERRER",,  50.372509,   3.388660,,,0,,0
0495,,"MERONETTE",,  50.375771,   3.401710,,,0,,1
0496,,"BLANQUART",,  50.380333,   3.408795,,,0,,1
0497,,"BOUTON",,  50.377211,   3.412194,,,0,,1
0499,,"ARENBERG BARRIERE",,  50.377768,   3.422653,,,0,,0
0500,,"ARENBERG FOSSE",,  50.384464,   3.426691,,,0,,1
0502,,"COUCOU",,  50.379135,   3.429968,,,0,,0
0503,,"VERDUN",,  50.376226,   3.430056,,,0,,0
0504,,"BELLAING ECOLES",,  50.372751,   3.430573,,,0,,1
0505,,"BELLAING CALVAIRE",,  50.368080,   3.428723,,,0,,0
0506,,"OISY PAQUERETTES",,  50.363586,   3.437419,,,0,,0
0508,,"MARTIAL REGNIER",,  50.360502,   3.443043,,,0,,0
0509,,"MASTAING CHAPELLE",,  50.304677,   3.309011,,,0,,0
0510,,"JULES FERRY",,  50.306987,   3.306644,,,0,,0
0511,,"MASTAING MAIRIE",,  50.307006,   3.302803,,,0,,0
0514,,"ANCIENNE GARE",,  50.357947,   3.399960,,,0,,0
0516,,"BELLAING PLACE",,  50.367256,   3.424480,,,0,,0
0517,,"NOUVELLES MAISONS",,  50.365644,   3.420261,,,0,,1
0521,,"LUCIEN JONAS",,  50.378693,   3.500121,,,0,,0
0523,,"LE RUISSARD",,  50.378015,   3.504885,,,0,,0
0524,,"MARCEAU",,  50.334940,   3.350401,,,0,,0
0533,,"LAURIERS",,  50.370592,   3.487635,,,0,,1
0534,,"HERIN CIMETIERE",,  50.362294,   3.454150,,,0,,0
0535,,"COLLINIERE",,  50.433759,   3.428840,,,0,,0
0537,,"ALBERT SCHWEITZER",,  50.345923,   3.554057,,,0,,1
0538,,"AUBEPINES",,  50.331808,   3.597701,,,0,,0
0539,,"PETITE FORET PLACE",,  50.368743,   3.476400,,,0,,1
0542,,"UNIVERSITE",,  50.319982,   3.512577,,,0,place_TYUNI,1
0544,,"ST SAULVE BOSQUET",,  50.368583,   3.560937,,,0,,0
0546,,"ANGUILLE",,  50.427837,   3.409679,,,0,,0
0547,,"PASINO",,  50.443284,   3.438266,,,0,,0
0548,,"HARPIGNIES",,  50.363897,   3.527657,,,0,,1
0550,,"VALMONT",,  50.364563,   3.506717,,,0,,0
0551,,"GAMBETTA",,  50.389308,   3.625112,,,0,,0
0553,,"ST SAULVE LECUYER",,  50.387887,   3.550203,,,0,place_LEC,1
0554,,"ST MARK",,  50.338239,   3.310666,,,0,,0
0555,,"CHARMILLES",,  50.339740,   3.306369,,,0,,0
0557,,"VAL STE CATHERINE",,  50.351335,   3.516779,,,0,place_TYSTCA,0
0558,,"ST AMAND TRETOIRE",,  50.439716,   3.442726,,,0,,0
0559,,"COUTEAUX",,  50.438819,   3.446373,,,0,,0
0560,,"MONT DES BRUYERES",,  50.437298,   3.452120,,,0,,0
0561,,"CHENE CRUPEAU",,  50.440673,   3.455467,,,0,,1
0562,,"CROISETTE",,  50.445591,   3.460379,,,0,,0
0568,,"PARC DERASSE",,  50.386126,   3.503054,,,0,,1
0572,,"BANCEL",,  50.433845,   3.573584,,,0,,1
0573,,"HARDY",,  50.439783,   3.562796,,,0,,0
0574,,"RUE DU BOIS",,  50.439793,   3.553397,,,0,,1
0575,,"PYCK",,  50.443985,   3.553823,,,0,,0
0576,,"CHENE A L' IMAGE",,  50.448566,   3.554685,,,0,,1
0577,,"ODOMEZ CITE",,  50.452601,   3.546003,,,0,,0
0578,,"ODOMEZ MAIRIE",,  50.455806,   3.536930,,,0,,0
0584,,"THIVENCELLE MAIRIE",,  50.439580,   3.634187,,,0,,0
0585,,"O'REILLY",,  50.424577,   3.660819,,,0,,0
0586,,"LA FOLIE",,  50.428563,   3.660446,,,0,,0
0587,,"BELLEUSE",,  50.445112,   3.646126,,,0,,0
0588,,"CALVAIRE ST ROCH",,  50.443712,   3.641868,,,0,,0
0589,,"ST PIERRE",,  50.446097,   3.593887,,,0,,0
0591,,"VENOT",,  50.392903,   3.603620,,,0,,0
0592,,"POUDRIERE",,  50.398099,   3.604137,,,0,,0
0593,,"RIBERY",,  50.398931,   3.608003,,,0,,0
0594,,"CHAPELLE DU MARAIS",,  50.397557,   3.612503,,,0,,0
0595,,"LES ECUMEES",,  50.403799,   3.610074,,,0,,0
0596,,"RUE DE FRESNES",,  50.415012,   3.596007,,,0,place_RDF,0
0597,,"SPIRO GILLS",,  50.419719,   3.586185,,,0,,0
0598,,"PLATEAU",,  50.430468,   3.579512,,,0,,1
0599,,"GHESQUIERE",,  50.305040,   3.332474,,,0,,0
0600,,"ROEULX ALOUETTE",,  50.306874,   3.326190,,,0,,0
0601,,"ROEULX ROQUEBRUNE",,  50.309590,   3.328222,,,0,,0
0602,,"VARSOVIE",,  50.442561,   3.637804,,,0,,0
0603,,"LOUISE MICHEL",,  50.393158,   3.536760,,,0,,0
0604,,"BAYONNE PLACE",,  50.493438,   3.545759,,,0,,0
0606,,"LYCEE COUTEAUX",,  50.447190,   3.441188,,,0,,0
0607,,"INTERVILLE",,  50.450815,   3.435222,,,0,,0
0608,,"PLATANES",,  50.453610,   3.434568,,,0,,0
0609,,"SALLE BAUDUIN",,  50.343081,   3.378182,,,0,,0
0611,,"ROUVIGNIES HERLY",,  50.327604,   3.444899,,,0,,0
0612,,"CLG P.-G. DE GENNES",,  50.365563,   3.476739,,,0,,1
0614,,"ST AMAND CENTRE COM.",,  50.435752,   3.440288,,,0,,0
0615,,"COLLEGE EMILE LITTRE",,  50.298980,   3.399287,,,0,,0
0616,,"TANNERIE",,  50.273347,   3.336562,,,0,,1
0617,,"GROS PIN",,  50.437721,   3.448657,,,0,,0
0618,,"DEFRICHE CIMETIERE",,  50.469946,   3.604900,,,0,,0
0619,,"ROUTE DE CONDE",,  50.448486,   3.448669,,,0,,0
0620,,"EPI D' OR",,  50.369022,   3.394627,,,0,,0
0622,,"ARTRES GARE",,  50.286447,   3.546284,,,0,,0
0627,,"RESIDENCE DU CHATEAU",,  50.314126,   3.366956,,,0,,1
0628,,"LOURCHES CIMETIERE",,  50.312445,   3.362265,,,0,,0
0633,,"RUE DU BRUILLE",,  50.448788,   3.425932,,,0,,0
0643,,"LES 4 VENTS",,  50.463768,   3.515681,,,0,,0
0645,,"BRUILLE MAIRIE",,  50.454682,   3.520480,,,0,,0
0646,,"BRUILLE CIMETIERE",,  50.457181,   3.510092,,,0,,0
0648,,"LEBAS",,  50.353466,   3.363627,,,0,,0
0649,,"MARLY HENRI BARBUSSE",,  50.344027,   3.558294,,,0,,0
0651,,"AVESNES EGLISE",,  50.251814,   3.376184,,,0,,0
0652,,"AVESNES MAIRIE",,  50.249201,   3.374805,,,0,,0
0653,,"ST AMAND ELNON",,  50.453648,   3.430114,,,0,place_PWELL,0
0654,,"LA ROUGE PLIE",,  50.317006,   3.494515,,,0,,0
0655,,"HORDAIN S. DE SPORT",,  50.263073,   3.315654,,,0,,1
0657,,"AUGUSTIN BAY",,  50.461591,   3.576559,,,0,,0
0659,,"PLACE DU MARCLAU",,  50.248361,   3.377186,,,0,,0
0660,,"AVESNES GARE",,  50.244710,   3.386096,,,0,,0
0663,,"FOYER NOTRE DAME",,  50.370696,   3.471215,,,0,,0
0664,,"LES CHARMES",,  50.369264,   3.461484,,,0,,1
0667,,"CLG J.-J. ROUSSEAU",,  50.303796,   3.459319,,,0,,1
0668,,"TRITH DE VINCI",,  50.332934,   3.483389,,,0,place_TI@,0
0669,,"CEZANNE",,  50.330061,   3.479400,,,0,,0
0670,,"CLOS ARAGON",,  50.328020,   3.479552,,,0,,0
0672,,"LE PLOUICH",,  50.388381,   3.484823,,,0,,1
0673,,"MUSMEAUX",,  50.385997,   3.487273,,,0,,0
0674,,"MARCEL SEMBAT",,  50.383566,   3.482940,,,0,,0
0675,,"BOSQUET",,  50.381743,   3.478038,,,0,,0
0676,,"PATER",,  50.359263,   3.531714,,,0,,0
0681,,"LAMENDIN",,  50.296812,   3.345805,,,0,,0
0682,,"CHOQUE",,  50.410613,   3.383504,,,0,,1
0683,,"LE CREUSOT",,  50.413225,   3.376151,,,0,,0
0685,,"ST AMAND HOPITAL",,  50.447806,   3.432184,,,0,,0
0691,,"LA SAVERNIERE",,  50.444514,   3.658237,,,0,,0
0692,,"ST AYBERT PLACE",,  50.447855,   3.654657,,,0,,0
0693,,"CITE LEDE",,  50.446993,   3.647913,,,0,,0
0695,,"MARLY EGLISE",,  50.349644,   3.540424,,,0,,0
0696,,"VERCHAIN EGLISE",,  50.267167,   3.476114,,,0,,0
0697,,"LA LAYETTE",,  50.269013,   3.464015,,,0,,0
0698,,"LA JARDINIERE",,  50.267209,   3.468807,,,0,,0
0699,,"HECQUET",,  50.266173,   3.475793,,,0,,0
0700,,"PLACE DU HAINAUT",,  50.360057,   3.522600,,,0,place_GH,0
0710,,"VERCHAIN MAIRIE",,  50.269082,   3.476912,,,0,,0
0712,,"RUE DU CARME",,  50.450669,   3.408523,,,0,,0
0713,,"PLACE SAUBOIS",,  50.448248,   3.402784,,,0,,0
0718,,"PLACE DU PARQUIAU",,  50.364445,   3.646157,,,0,,0
0719,,"QUIEVRECHAIN PUITS 2",,  50.387194,   3.660378,,,0,,0
0720,,"GUY MORELLE",,  50.397561,   3.665192,,,0,,0
0723,,"BAISIEUX",,  50.346055,   3.654778,,,0,,0
0724,,"ESPACE SANTE",,  50.444135,   3.400804,,,0,,0
0725,,"CALMETTE",,  50.271652,   3.348068,,,0,,1
0726,,"CHAMP DES OISEAUX",,  50.439674,   3.390293,,,0,,0
0727,,"PA MOULIN BLANC",,  50.440177,   3.394599,,,0,,0
0728,,"FRANC MANTEAU",,  50.307957,   3.491122,,,0,,0
0733,,"LE SCOTCH",,  50.321268,   3.428801,,,0,,0
0735,,"MONCHAUX CHAPELLE",,  50.285905,   3.449019,,,0,,0
0736,,"SAULTAIN PARADIS",,  50.343691,   3.573123,,,0,,0
0737,,"MONCHAUX MAIRIE",,  50.286161,   3.455524,,,0,,0
0738,,"CITE MUSMEAUX",,  50.315213,   3.399788,,,0,,0
0739,,"CASANOVA",,  50.329699,   3.483487,,,0,,0
0741,,"BELLAING VIRAGES",,  50.366309,   3.431720,,,0,,1
0744,,"EMERCHICOURT MAIRIE",,  50.313194,   3.254272,,,0,,0
0746,,"327 IEME R.I",,  50.361505,   3.534790,,,0,,0
0747,,"CASTOR",,  50.310622,   3.443179,,,0,,0
0748,,"CH. D' EXPLOITATION",,  50.258850,   3.311011,,,0,,0
0749,,"HORDAIN PONT",,  50.254972,   3.305438,,,0,,0
0750,,"BOUCHAIN BASSIN ROND",,  50.256166,   3.300531,,,0,,0
0751,,"FERME THONVILLE",,  50.320607,   3.405229,,,0,,0
0757,,"DAUPHIN",,  50.367482,   3.644497,,,0,,0
0758,,"RUE DE PARIS",,  50.376627,   3.511809,,,0,,0
0762,,"BLERIOT",,  50.324975,   3.452311,,,0,,0
0763,,"GSK",,  50.453383,   3.467515,,,0,,1
0765,,"LA RIE",,  50.311151,   3.491252,,,0,,1
0767,,"RN 30",,  50.279583,   3.337227,,,0,,0
0768,,"LES CARRIERES",,  50.290359,   3.341362,,,0,,0
0769,,"BOUCHAIN",,  50.315746,   3.264700,,,0,,0
0770,,"CENTRE THERMAL",,  50.443798,   3.476884,,,0,,0
0771,,"DUBLED",,  50.351798,   3.490981,,,0,,1
0772,,"CUBRAY",,  50.456162,   3.463236,,,0,,0
0773,,"LES ROSIERES",,  50.457233,   3.470209,,,0,,0
0774,,"LA TAILLETTE",,  50.460159,   3.494377,,,0,,0
0775,,"HAUTERIVE",,  50.467308,   3.484344,,,0,,0
0776,,"LE LONG BUHOT",,  50.471125,   3.486693,,,0,,0
0777,,"BRUILLE EGLISE",,  50.473277,   3.499471,,,0,,0
0778,,"LA SOURCE",,  50.468289,   3.507182,,,0,,0
0779,,"FERME LEMER",,  50.460047,   3.527238,,,0,,0
0780,,"NOTRE DAME AU BOIS",,  50.456523,   3.525969,,,0,,1
0781,,"BEU D'ABBY",,  50.451884,   3.523425,,,0,,0
0782,,"LES VUILLONS",,  50.315260,   3.572563,,,0,,0
0783,,"PLACE DE LA BRUYERE",,  50.437775,   3.403124,,,0,,0
0784,,"RUE DE LA BRUYERE",,  50.443309,   3.404388,,,0,,0
0789,,"FONTAINE BOUILLON",,  50.443601,   3.464700,,,0,,0
0790,,"DUNANT",,  50.447040,   3.424063,,,0,,0
0791,,"MALECOT",,  50.447587,   3.436802,,,0,,0
0792,,"LES ORMEAUX",,  50.435072,   3.395761,,,0,,0
0793,,"RAISMES TAFFIN",,  50.404968,   3.519966,,,0,,0
0794,,"OGURA",,  50.378397,   3.614566,,,0,,0
0796,,"COLLEGE MME D'EPINAY",,  50.329234,   3.519298,,,0,,0
0798,,"BICENTENAIRE",,  50.435461,   3.390961,,,0,,0
0799,,"MILLONFOSSE ECOLES",,  50.433312,   3.385267,,,0,,0
0800,,"EMAILLERIE",,  50.405254,   3.665653,,,0,,0
0801,,"MARC LEFRANCQ",,  50.335010,   3.453854,,,0,place_CHY,0
0802,,"PRESEAU PARC",,  50.312890,   3.575643,,,0,,1
0804,,"SALLE DE SPORT",,  50.311321,   3.576224,,,0,,0
0806,,"PRESEAU MAIRIE",,  50.311373,   3.573190,,,0,,1
0809,,"COLLEGE GERMINAL",,  50.395020,   3.481093,,,0,,0
0812,,"AERODROME OUEST",,  50.341711,   3.459643,,,0,,0
0813,,"QUERENAING MAIRIE",,  50.287559,   3.513460,,,0,,1
0814,,"CIMETIERE",,  50.292030,   3.514146,,,0,,1
0815,,"MORTAGNE GARE",,  50.497351,   3.445490,,,0,,0
0816,,"MORTAGNE PONT SCARPE",,  50.499491,   3.451251,,,0,,0
0819,,"CHATEAU GRAND RUE",,  50.487719,   3.470417,,,0,,0
0820,,"RUE DE FLINES",,  50.487171,   3.475692,,,0,,0
0821,,"RUE DE LA FONTAINE",,  50.483264,   3.477424,,,0,,0
0822,,"RUE DU RIEU",,  50.476497,   3.473656,,,0,,0
0823,,"RUELLE DU BOIS",,  50.472327,   3.477799,,,0,,0
0824,,"RUE DE LA CHASSE",,  50.467291,   3.478647,,,0,,0
0825,,"NIVELLE PONT",,  50.470536,   3.468628,,,0,,0
0826,,"NIVELLE CALVAIRE",,  50.468984,   3.458044,,,0,,0
0827,,"NIVELLE R. HENNEBICQ",,  50.469768,   3.455217,,,0,,0
0829,,"LE RIPAILLEUR",,  50.343146,   3.466098,,,0,,0
0831,,"RUE DE LA TRINQUETTE",,  50.497741,   3.434043,,,0,,0
0832,,"MAULDE PLACE",,  50.503101,   3.431958,,,0,,0
0833,,"FACTEUR",,  50.500504,   3.437068,,,0,,0
0834,,"SABOTIER",,  50.496704,   3.441674,,,0,,0
0835,,"MORTAGNE PLACE",,  50.503372,   3.454012,,,0,,1
0836,,"URBAIN",,  50.503816,   3.460043,,,0,,0
0837,,"FLINES PLACE",,  50.503316,   3.464239,,,0,,0
0838,,"FOURNIER",,  50.506021,   3.466026,,,0,,0
0839,,"CHAPELLE D. DOULEURS",,  50.508433,   3.468618,,,0,,0
0840,,"LEGIES PLACE",,  50.511258,   3.482802,,,0,,0
0841,,"ECOLE DECOBECQ",,  50.510858,   3.490485,,,0,,0
0842,,"FLINES ROUILLON",,  50.513608,   3.500028,,,0,,0
0844,,"WAVRECHAIN\FAULX PL.",,  50.272808,   3.287285,,,0,,0
0845,,"RUE DE BOUCHAIN",,  50.274347,   3.287018,,,0,,0
0846,,"WASNES AU BAC MAIRIE",,  50.270480,   3.261234,,,0,,0
0847,,"RUE DES ROTISSEURS",,  50.270695,   3.256447,,,0,,0
0848,,"MARQUETTE EGLISE",,  50.286316,   3.265937,,,0,,0
0849,,"MARQUETTE LIBERTE",,  50.287927,   3.269028,,,0,,0
0851,,"MARQUETTE 8 MAI 45",,  50.286868,   3.261650,,,0,,0
0852,,"WIGNOLLE LEDIEU",,  50.288659,   3.278244,,,0,,0
0853,,"BOUCHAIN CIMETIERE",,  50.286514,   3.312225,,,0,,0
0854,,"CLG DE L'OSTREVANT",,  50.281423,   3.305999,,,0,,1
0855,,"FERME DUMONT",,  50.473046,   3.492054,,,0,,0
0856,,"TOUR DU MOULIN",,  50.369030,   3.610669,,,0,,1
0857,,"L'OREE DU BOIS",,  50.443029,   3.471890,,,0,,0
0858,,"JUDO CLUB",,  50.453197,   3.456500,,,0,,0
0859,,"CRESPIN SUCRERIE",,  50.420571,   3.658899,,,0,,0
0860,,"CRESPIN HOTEL VILLE",,  50.418815,   3.660984,,,0,,1
0861,,"NERVO",,  50.318213,   3.365690,,,0,,0
0862,,"BRIFFAUT",,  50.328994,   3.487984,,,0,,0
0863,,"DAIMLER",,  50.339221,   3.451725,,,0,,0
0864,,"DACQUIN",,  50.333098,   3.449746,,,0,,0
0868,,"RUE D'HURTEBISE",,  50.336056,   3.469861,,,0,,0
0869,,"PIERRE RICHARD",,  50.341283,   3.513841,,,0,,0
0873,,"GRIOLET",,  50.334001,   3.510964,,,0,,0
0874,,"LA CHAUDIERE",,  50.351167,   3.564260,,,0,,0
0875,,"PAUL ELUARD",,  50.334500,   3.462707,,,0,,0
0876,,"MOULIN BRULE",,  50.346358,   3.565839,,,0,,0
0877,,"JEAN MARIE FROUIN",,  50.332756,   3.458185,,,0,,0
0878,,"MICHELIN",,  50.335292,   3.443282,,,0,,0
0879,,"HERGNIES JAURES",,  50.470036,   3.536224,,,0,,0
0880,,"PASSERELLE",,  50.374231,   3.476699,,,0,,1
0882,,"PARC HORDAIN HAINAUT",,  50.264782,   3.328710,,,0,,0
0883,,"BOIS DE DOUCHY",,  50.306850,   3.398238,,,0,,0
0884,,"RUE TOLSTOI",,  50.304535,   3.395119,,,0,,0
0885,,"BOUCHAIN VILLE HAUTE",,  50.287591,   3.311870,,,0,,0
0886,,"PAUL WILLAI",,  50.464322,   3.488636,,,0,,0
0887,,"ETS TERROIR/MANSART",,  50.344830,   3.554129,,,0,,1
0892,,"LES NYMPHEAS",,  50.331506,   3.531192,,,0,,0
0894,,"CHEMIN DES DAMES",,  50.340962,   3.512353,,,0,,1
0895,,"PATRICK ROY",,  50.317996,   3.402450,,,0,,1
0896,,"FRESNES CIMETIERE",,  50.435856,   3.576310,,,0,,0
0897,,"MARLY MAISON DES AS.",,  50.347636,   3.535945,,,0,,0
0898,,"VAL. DE LA RHONELLE",,  50.346067,   3.538994,,,0,,0
0899,,"ST AMAND CIMETIERE",,  50.455617,   3.436574,,,0,,0
0902,,"RUE D'ORCHIES",,  50.446858,   3.425698,,,0,,0
0903,,"RUE LANGUEDOC",,  50.341695,   3.520499,,,0,,0
0904,,"ECOLE LOUISE MICHEL",,  50.339903,   3.526915,,,0,,0
0905,,"RESID. DES PEINTRES",,  50.342366,   3.530245,,,0,,0
0906,,"AUNOMED",,  50.333168,   3.526603,,,0,,0
0908,,"ROBREUX",,  50.473523,   3.384314,,,0,,0
0909,,"CAILLOU",,  50.460560,   3.408746,,,0,,0
0910,,"PONT DES TURCS",,  50.462741,   3.413051,,,0,,0
0912,,"DELTOMBE",,  50.465805,   3.417354,,,0,,0
0914,,"PASSAGE A NIVEAU",,  50.473058,   3.412754,,,0,,0
0915,,"LASSON",,  50.479271,   3.409506,,,0,,0
0916,,"HAMEAU DE MACOU",,  50.461894,   3.593895,,,0,place_HAMEAU,0
0920,,"ROUTE DE TOURNAI",,  50.480438,   3.425338,,,0,,0
0921,,"PERDRIX",,  50.465025,   3.425482,,,0,,0
0922,,"LE DOIGNON",,  50.466824,   3.401241,,,0,,0
0923,,"BOUT DE CHORETTE",,  50.487061,   3.401628,,,0,,0
0924,,"LECELLES MAIRIE",,  50.476768,   3.402938,,,0,,0
0925,,"GITE DE CHORETTE",,  50.484880,   3.406155,,,0,,0
0933,,"CENTRE DES CONGRES",,  50.375251,   3.516984,,,0,place_RIVESC,1
0937,,"PIERRE BERIOT",,  50.325873,   3.383672,,,0,,1
0940,,"ESPACE VILLARS",,  50.325781,   3.393120,,,0,place_DLB,0
0941,,"LOURCHES GARE",,  50.310127,   3.342900,,,0,,0
0965,,"TUYAU BONA",,  50.457848,   3.407345,,,0,,0
0966,,"POINT DU JOUR",,  50.462705,   3.400718,,,0,,0
0967,,"LECELLES EGLISE",,  50.470547,   3.396068,,,0,,0
0968,,"RUE DE TOURNAI",,  50.483879,   3.558406,,,0,,0
0969,,"LA FROIDURE",,  50.482689,   3.403029,,,0,,0
0970,,"BOUCHART",,  50.483593,   3.413036,,,0,,0
0971,,"ROUTE D'AULNOY",,  50.344669,   3.531549,,,0,,0
0977,,"RUE D'EN BAS",,  50.462589,   3.485396,,,0,,0
0978,,"CHORETTE",,  50.482737,   3.419548,,,0,,0
0979,,"LE PINSON",,  50.489897,   3.439602,,,0,,0
0981,,"RUE BOUTAQUE",,  50.467654,   3.449730,,,0,,0
0982,,"IMPASSE VIEILLE RUE",,  50.468783,   3.443115,,,0,,0
0983,,"RUE DUTRIEUX",,  50.472174,   3.437990,,,0,,0
0990,,"L'ARBRE D'ESTREUX",,  50.343664,   3.567044,,,0,,0
0992,,"PLACE VICTOR HUGO",,  50.395148,   3.617278,,,0,,0
0993,,"LE VAL EN THUN",,  50.491693,   3.450335,,,0,,0
0994,,"THUN MAIRIE",,  50.479849,   3.458976,,,0,,0
10002,,"ANZIN PLACE",,  50.371300,   3.503107,,,0,,0
10003,,"VALENCIENNES GARE - QUAI D",,  50.364856,   3.519632,,,0,place_GARE,0
10004,,"AV ANATOLE FRANCE",,  50.369057,   3.506053,,,0,,0
10005,,"RUE DE PARIS",,  50.376275,   3.510511,,,0,,0
1001,,"ST AMAND PISCINE",,  50.444522,   3.439004,,,0,,0
1003,,"VALENCIENNES GARE - QUAI F",,  50.362881,   3.518952,,,0,place_GARE,1
1004,,"CARPEAUX",,  50.360183,   3.517534,,,0,,0
1008,,"VALENCIENNES HOPITAL",,  50.358704,   3.500939,,,0,,1
1010,,"ST WAAST PLACE",,  50.361932,   3.494615,,,0,,0
10108,,"FLORALIES",,  50.341826,   3.549606,,,0,,0
1018,,"ANZIN CHATEAU D' EAU",,  50.369383,   3.497932,,,0,,0
1019,,"ANZIN RESISTANCE",,  50.369610,   3.494880,,,0,,0
10194,,"CRONTE VOYE",,  50.399795,   3.658988,,,0,,0
1020,,"LENINE",,  50.371045,   3.482347,,,0,,0
1021,,"PF CENTRE COMMERCIAL",,  50.377849,   3.476648,,,0,place_PFC,1
1022,,"CORREZZOLA",,  50.373144,   3.462663,,,0,,0
1023,,"DUCLOS",,  50.371785,   3.471973,,,0,,1
1026,,"ALBERT 1ER",,  50.359160,   3.527439,,,0,,0
1027,,"MUSEE",,  50.358233,   3.531067,,,0,,0
1028,,"CARDON",,  50.354701,   3.529655,,,0,,1
1029,,"CANADA",,  50.352483,   3.524298,,,0,,0
1030,,"STADE NUNGESSER",,  50.349395,   3.524431,,,0,,0
1031,,"AVENUE DE REIMS",,  50.345247,   3.525581,,,0,,0
1032,,"BRIQUETTE EGLISE",,  50.342897,   3.525793,,,0,,0
1034,,"CHEMIN DES BOURGEOIS",,  50.343878,   3.518453,,,0,,0
1037,,"CFA AFOBAT",,  50.335827,   3.524052,,,0,,0
1040,,"CHEMIN VERT",,  50.331265,   3.513618,,,0,place_TYCHVE,0
1041,,"RES. UNIVERSITAIRE",,  50.328976,   3.512816,,,0,place_AUL,0
1042,,"PONT JACOB",,  50.366033,   3.513911,,,0,place_TYLYES,0
10434,,"HOTEL DES IMPOTS",,  50.366480,   3.530036,,,0,,0
1046,,"KLEBER",,  50.373751,   3.500489,,,0,,0
1047,,"MONT DE SABLE",,  50.376524,   3.497840,,,0,,0
1048,,"CITE CARPEAUX",,  50.378760,   3.495701,,,0,,0
1049,,"GABRIEL PERI",,  50.381469,   3.493109,,,0,,0
1050,,"GILBERTE",,  50.384516,   3.490691,,,0,,0
1051,,"RUE DE BEUVRAGES",,  50.389068,   3.487344,,,0,,0
1052,,"RAISMES PLACE",,  50.392266,   3.483798,,,0,,0
1053,,"RAISMES SNCF",,  50.391995,   3.477944,,,0,,1
1054,,"PETIT VICOIGNE",,  50.393563,   3.470906,,,0,,0
1055,,"PONT DU ROI",,  50.397001,   3.466152,,,0,,0
1056,,"VICOIGNE PLACE",,  50.399717,   3.462797,,,0,,0
1057,,"VICOIGNE EGLISE",,  50.404222,   3.459616,,,0,,0
1058,,"CULBUTE",,  50.407520,   3.457216,,,0,,0
1060,,"FORET",,  50.418175,   3.448977,,,0,,0
1061,,"GRISE CHEMISE",,  50.425946,   3.443194,,,0,,1
1062,,"PONT DE PIERRE",,  50.431475,   3.437055,,,0,,0
1063,,"MOULIN DES LOUPS",,  50.436079,   3.432721,,,0,,0
1064,,"CROIX DU PETIT DIEU",,  50.439127,   3.431833,,,0,,0
1066,,"ST AMAND EGLISE",,  50.446622,   3.431445,,,0,,1
1067,,"AVENUE DU CLOS",,  50.449159,   3.433582,,,0,,0
1068,,"ST AMAND PLACE",,  50.448466,   3.427770,,,0,,0
1069,,"ANZIN HOTEL DE VILLE",,  50.369004,   3.501693,,,0,place_TYANH,1
1071,,"ST AMAND SNCF",,  50.443810,   3.418891,,,0,place_SAS,1
1072,,"DUSSART",,  50.396738,   3.490271,,,0,,1
10720,,"GUY MORELLE",,  50.396597,   3.664173,,,0,,0
1073,,"RAISMES MARAIS",,  50.398855,   3.495741,,,0,,1
1074,,"REPOS DU CHASSEUR",,  50.400681,   3.501310,,,0,,1
1075,,"SABATIER",,  50.404375,   3.506285,,,0,,0
1076,,"PINSON",,  50.405149,   3.510854,,,0,,0
1077,,"PERIER",,  50.404118,   3.515539,,,0,,0
1078,,"CERNAY",,  50.406071,   3.517395,,,0,,0
1079,,"PINSON EGLISE",,  50.402342,   3.522587,,,0,,0
1080,,"LES SOUPIRS",,  50.399349,   3.525485,,,0,,1
1081,,"ROLLIN",,  50.399814,   3.528458,,,0,,0
1083,,"BRUAY PLACE",,  50.395586,   3.536772,,,0,place_BRU,0
1084,,"BRABANT",,  50.388028,   3.605417,,,0,,0
1085,,"DEGUISE",,  50.417559,   3.404967,,,0,,0
1086,,"PELLOUTIER",,  50.414820,   3.400650,,,0,,0
1087,,"CHEMIN DES MOULINS",,  50.414821,   3.393925,,,0,,0
1088,,"HASNON CALVAIRE",,  50.416506,   3.389015,,,0,,0
1089,,"HASNON PLACE",,  50.423939,   3.386163,,,0,,0
1090,,"HASNON CATAINE",,  50.417881,   3.373778,,,0,,0
1092,,"MATHIEU",,  50.371060,   3.506966,,,0,,1
1095,,"ANZIN CHAPELLE",,  50.378643,   3.511774,,,0,,0
1096,,"MARGUERITE LEDUC",,  50.384354,   3.514016,,,0,,1
1097,,"PARC FENELON",,  50.384519,   3.508904,,,0,,1
1098,,"BEUVRAGES CENTRE",,  50.385741,   3.506605,,,0,,1
1100,,"DANNA",,  50.386963,   3.497509,,,0,,0
11002,,"ANZIN PLACE",,  50.370475,   3.503566,,,0,,0
11004,,"AV ANATOLE FRANCE",,  50.369005,   3.505780,,,0,,0
1102,,"ROMAINVILLE",,  50.352804,   3.534058,,,0,,0
1103,,"BLANCS BALLONS",,  50.350896,   3.541364,,,0,,0
1104,,"MARLY PLACE",,  50.350095,   3.544103,,,0,,0
1105,,"FONTINETTES",,  50.347408,   3.550359,,,0,,0
1106,,"RHONELLE",,  50.346388,   3.543347,,,0,,1
1107,,"PONT DES IMBECILES",,  50.343056,   3.546969,,,0,,1
1108,,"FLORALIES",,  50.341404,   3.549674,,,0,,0
11083,,"BRUAY PLACE",,  50.396169,   3.537758,,,0,place_BRU,1
1109,,"MONMOUSSEAU",,  50.338475,   3.551960,,,0,place_MMO,0
11108,,"FLORALIES",,  50.341404,   3.549674,,,0,,0
1119,,"POINT DU JOUR",,  50.400519,   3.543562,,,0,,0
1120,,"FRUITIER",,  50.401749,   3.545033,,,0,place_FRUIT,0
1121,,"HAUTS CHAMPS",,  50.404948,   3.549565,,,0,place_HOCHA,0
1122,,"THIERS",,  50.409134,   3.555229,,,0,place_THI,0
1123,,"BRUNEHAUT",,  50.414805,   3.558420,,,0,place_BHUNEH,0
1124,,"ESCAUTPONT CIMETIERE",,  50.420794,   3.559129,,,0,place_ESPON,0
1125,,"ESCAUTPONT PLACE",,  50.423730,   3.562979,,,0,place_EVP,0
1126,,"PASTEUR",,  50.429084,   3.570260,,,0,,0
1127,,"FRESNES GARE",,  50.431364,   3.574540,,,0,,0
1128,,"FRESNES MAIRIE",,  50.432988,   3.578495,,,0,place_FRMAIR,1
1129,,"BERGER",,  50.436099,   3.582663,,,0,,0
1130,,"CONDE GARE",,  50.444026,   3.588880,,,0,,0
1131,,"SQUARE DE L' ESCAUT",,  50.446158,   3.590994,,,0,,0
1132,,"CONDE PLACE",,  50.447921,   3.592059,,,0,place_CON,0
1133,,"ROMBAULT",,  50.450773,   3.593103,,,0,,0
1134,,"BIFURCATION",,  50.454584,   3.586784,,,0,,0
1135,,"MECANICIEN",,  50.455702,   3.583664,,,0,place_MCN,0
1136,,"VIEUX CONDE STADE",,  50.456150,   3.579076,,,0,,0
1137,,"LE BOULON",,  50.456516,   3.575788,,,0,place_BOLON,0
1138,,"VILLAFRANCA",,  50.457005,   3.571942,,,0,,0
1139,,"VIEUX CONDE PLACE",,  50.457348,   3.568966,,,0,,0
1140,,"VX CONDE CIMETIERE",,  50.459427,   3.566747,,,0,,0
1141,,"ST MARTIN",,  50.460658,   3.557878,,,0,,0
1142,,"TRIANGLE",,  50.464101,   3.554069,,,0,,0
1143,,"MALIN",,  50.466189,   3.548440,,,0,,0
1144,,"HERGNIES ECOLES",,  50.468496,   3.541503,,,0,,0
1145,,"LES QUENOY",,  50.471307,   3.531256,,,0,,0
1146,,"HERGNIES MAIRIE",,  50.473651,   3.523201,,,0,,1
1148,,"PATTE D'OIE",,  50.462448,   3.568882,,,0,,0
1149,,"FLAQUIT",,  50.469413,   3.571795,,,0,,0
1150,,"CORON VERT",,  50.474718,   3.573765,,,0,,0
1151,,"SOLITUDE",,  50.478440,   3.576102,,,0,place_SOL,0
1152,,"DELORY",,  50.482320,   3.580032,,,0,,0
1153,,"CAMELINAT",,  50.488875,   3.582564,,,0,,0
1156,,"TABARY",,  50.456992,   3.588480,,,0,,0
1160,,"DIGUE NOIRE",,  50.467117,   3.605432,,,0,,0
1161,,"LORETTE",,  50.469611,   3.609335,,,0,,0
1162,,"ROSIERS",,  50.486215,   3.579074,,,0,,0
1164,,"COLISEE",,  50.470455,   3.598689,,,0,,0
1165,,"MAISON BLANCHE",,  50.474701,   3.598508,,,0,,0
1169,,"JULES GUESDE",,  50.436301,   3.570118,,,0,,0
1170,,"VICTOR HUGO",,  50.437762,   3.564974,,,0,,0
1171,,"TRIEU DE FRESNES",,  50.436494,   3.560556,,,0,,0
1173,,"ROLEUR",,  50.363267,   3.535266,,,0,,0
1174,,"COLART CRESTE",,  50.365716,   3.541810,,,0,,0
1175,,"MARQUIS",,  50.367122,   3.545315,,,0,,0
1176,,"DUCHESNOIS",,  50.367923,   3.547962,,,0,,0
1177,,"ST SAULVE EGLISE",,  50.369072,   3.551231,,,0,,0
1178,,"ST SAULVE DOUANE",,  50.371807,   3.558780,,,0,,0
1179,,"GUINDAL",,  50.373622,   3.563781,,,0,,0
1180,,"PETIT ST SAULVE",,  50.376372,   3.571576,,,0,,1
1181,,"CITE DU STADE",,  50.380873,   3.584054,,,0,,1
1182,,"ONNAING CALVAIRE",,  50.382514,   3.588689,,,0,,1
1183,,"ONNAING ST JOSEPH",,  50.384840,   3.594007,,,0,,0
1184,,"ZOLA",,  50.385826,   3.597808,,,0,,0
1185,,"ONNAING PLACE",,  50.386846,   3.601185,,,0,,0
1186,,"ONNAING CIMETIERE",,  50.389082,   3.610012,,,0,,0
1187,,"DANGREAU",,  50.390471,   3.615912,,,0,,0
1188,,"QUAROUBLE 4 PAVES",,  50.391404,   3.621940,,,0,,0
1189,,"RICHARD",,  50.393221,   3.627741,,,0,,0
1190,,"PRINCE DE LIGNE",,  50.394879,   3.634786,,,0,,0
1191,,"AUNICHE",,  50.396581,   3.642005,,,0,,0
1192,,"EMBLISE",,  50.398274,   3.649233,,,0,,0
1193,,"POSTILLON",,  50.399498,   3.654493,,,0,,0
1194,,"CRONTE VOYE",,  50.400611,   3.659168,,,0,,0
1195,,"BL MISSERON 4 PAVES",,  50.402501,   3.668080,,,0,,0
1196,,"FRONTIERE",,  50.403031,   3.672654,,,0,,0
1197,,"ATELIERS",,  50.407582,   3.664735,,,0,,0
1198,,"TRAVERSIERE",,  50.411465,   3.663192,,,0,,0
1199,,"CRESPIN ECOLE",,  50.415297,   3.661674,,,0,,0
1200,,"GAY LUSSAC",,  50.375718,   3.474061,,,0,,1
1201,,"ECOLE MOYENNE",,  50.407844,   3.684526,,,0,,0
1202,,"LE CORON",,  50.420998,   3.654532,,,0,,0
1203,,"LOUVIERE",,  50.424043,   3.659761,,,0,,0
1204,,"CRESPIN ANC. MAIRIE",,  50.421774,   3.663421,,,0,,0
1205,,"RUE DU QUESNOY",,  50.394887,   3.663169,,,0,,0
1206,,"QUIEVRECH. CALVAIRE",,  50.392087,   3.664806,,,0,,0
1207,,"AVENUE PASTEUR",,  50.391375,   3.669508,,,0,,0
12083,,"BRUAY PLACE",,  50.396169,   3.537758,,,0,place_BRU,1
1209,,"RUE DE LA LIBERTE",,  50.390394,   3.594531,,,0,,0
1210,,"BERTHELOT",,  50.393135,   3.595129,,,0,,0
1211,,"LES 4 CHASSES",,  50.395231,   3.592049,,,0,,0
1212,,"CUVINOT",,  50.398087,   3.596355,,,0,,0
1213,,"CUVINOT ECOLE",,  50.401889,   3.602777,,,0,,1
1214,,"EDGAR SIZAIRE",,  50.407524,   3.602715,,,0,,1
1215,,"CARPENTIER",,  50.409503,   3.601976,,,0,,1
1216,,"VICQ MARAIS",,  50.412379,   3.600025,,,0,,0
1217,,"MASCART",,  50.389326,   3.620797,,,0,,0
1218,,"VAILLANT COUTURIER",,  50.385834,   3.621683,,,0,,0
1219,,"QUAROUBLE CENTRE",,  50.386809,   3.624630,,,0,,0
1221,,"QUAROUBLE MESANGES",,  50.381038,   3.624282,,,0,,1
1222,,"CANTON BRULE",,  50.354513,   3.499722,,,0,,0
1223,,"CHASSE ROYALE",,  50.352608,   3.495704,,,0,,1
1224,,"QUARTIER LOMPREZ",,  50.350839,   3.491933,,,0,,0
1225,,"LA SENTINELLE",,  50.348277,   3.486499,,,0,,0
1230,,"ROUVIGNIES MAIRIE",,  50.327546,   3.442566,,,0,,0
1231,,"ROUVIGNIES EGLISE",,  50.325655,   3.436551,,,0,,1
1232,,"PRISE D' EAU",,  50.328097,   3.431593,,,0,,1
1233,,"BLIGNIERES",,  50.329575,   3.424807,,,0,,0
1234,,"BASE DE LOISIRS",,  50.330552,   3.416797,,,0,,0
1235,,"WAVRECHAIN",,  50.330797,   3.412528,,,0,,0
1236,,"LYCEES KASTLER",,  50.332198,   3.405897,,,0,,0
1237,,"RUE D'HAVELUY",,  50.330899,   3.402257,,,0,,0
1239,,"CHEMIN LATERAL",,  50.340622,   3.381497,,,0,,0
1240,,"ESPACE VILLARS",,  50.326260,   3.392936,,,0,place_DLB,1
1241,,"MOUSSERON",,  50.326230,   3.389109,,,0,,1
1242,,"ORLEANS",,  50.324167,   3.381396,,,0,,1
1243,,"BAUDIN",,  50.321985,   3.375889,,,0,,1
1244,,"BESSEMER",,  50.319619,   3.370099,,,0,,1
1245,,"LOURCHES CHAPELLE",,  50.317091,   3.362369,,,0,,1
1246,,"COLLEGE VOLTAIRE",,  50.315283,   3.355310,,,0,place_PLOU,0
1247,,"LOURCHES EGLISE",,  50.314804,   3.353130,,,0,,1
1249,,"ECLAIREUR",,  50.312552,   3.345633,,,0,,1
1250,,"OLEJNICZAK",,  50.311196,   3.339631,,,0,,0
1251,,"ROEULX J. MOULIN",,  50.309279,   3.334347,,,0,,1
1252,,"ROEULX MAIRIE",,  50.307257,   3.334325,,,0,,0
1253,,"SCHNEIDER",,  50.316849,   3.342590,,,0,,0
1254,,"FOSSE DE ROEULX",,  50.319731,   3.342707,,,0,,0
1255,,"ESCAUDAIN 4 CHEMINS",,  50.328034,   3.343510,,,0,,0
1256,,"ESCAUDAIN PLACE",,  50.333749,   3.344313,,,0,,1
1257,,"GARE DES MINES",,  50.338223,   3.345031,,,0,,0
1259,,"SOCRATE",,  50.309823,   3.346479,,,0,,0
1260,,"ALBERT COUSIN",,  50.305187,   3.348479,,,0,,0
1261,,"NEUVILLE MAIRIE",,  50.299893,   3.353364,,,0,,0
1262,,"NEUVILLE CIMETIERE",,  50.297172,   3.357034,,,0,,0
1263,,"ROMBIES CENTRE",,  50.364190,   3.642539,,,0,,0
1264,,"PROUVY PLACE",,  50.318716,   3.449693,,,0,,0
1265,,"ESPLANADE",,  50.357320,   3.516540,,,0,place_PDAL,0
1266,,"FAUBOURG DE PARIS",,  50.353041,   3.513768,,,0,,0
1267,,"GIARD",,  50.354117,   3.508849,,,0,,0
1268,,"ROSERAIE",,  50.353744,   3.488435,,,0,,1
1269,,"LOMPREZ MOUSSERON",,  50.353189,   3.486003,,,0,,0
1270,,"SENTINELLE POSTE",,  50.352448,   3.483065,,,0,,0
1271,,"LEGRAND",,  50.352738,   3.479116,,,0,,0
1272,,"8 MAISONS",,  50.353056,   3.473954,,,0,,0
1273,,"DUVANT",,  50.357456,   3.537756,,,0,,0
1274,,"PIERARD",,  50.358640,   3.541069,,,0,,0
1275,,"GENDARMERIE",,  50.361040,   3.541145,,,0,,0
1276,,"ALOUETTES",,  50.362858,   3.547427,,,0,,0
1277,,"EUROPE",,  50.364716,   3.552566,,,0,,0
1278,,"CHATAIGNERAIE",,  50.366592,   3.557137,,,0,,0
1279,,"ROUTE D' ESTREUX",,  50.367497,   3.560164,,,0,,0
1280,,"SCHUMAN",,  50.364984,   3.559702,,,0,,0
1281,,"MERMOZ",,  50.363729,   3.561771,,,0,,0
1282,,"ST SAULVE PLACE",,  50.375201,   3.554506,,,0,,0
1286,,"JAURES",,  50.332117,   3.392119,,,0,,0
1288,,"CARAMAN",,  50.330159,   3.384967,,,0,,0
1289,,"MATHILDE",,  50.331056,   3.381982,,,0,,0
1290,,"NAPOLEON",,  50.331953,   3.378103,,,0,,0
1291,,"PONT LUCE",,  50.332930,   3.368306,,,0,,0
1292,,"PEUPLIERS",,  50.332863,   3.359700,,,0,,0
1293,,"ESCAUDAIN CIMETIERE",,  50.331886,   3.352872,,,0,,0
1295,,"FRANCINE",,  50.335794,   3.339931,,,0,,0
1297,,"PHILIPPE",,  50.335421,   3.332595,,,0,,0
1298,,"LES 2 FERMES",,  50.331442,   3.316126,,,0,,0
1299,,"CORON DE LA GUERRE",,  50.332783,   3.306498,,,0,,1
1300,,"ABSCON PLACE",,  50.333862,   3.302223,,,0,,0
1301,,"BOULIEZ",,  50.328982,   3.301012,,,0,,0
1302,,"ABSCON REPUBLIQUE",,  50.325614,   3.296648,,,0,,0
1303,,"COLLEGE BAYARD",,  50.336741,   3.385083,,,0,,0
1305,,"LES QUARANTE",,  50.345548,   3.374501,,,0,,0
1306,,"LAMBRECHT",,  50.349965,   3.367848,,,0,,1
1307,,"HELESMES MOULIN",,  50.356396,   3.359465,,,0,,0
1308,,"HELESMES CHATEAU",,  50.361514,   3.359650,,,0,,0
1309,,"HELESMES EGLISE",,  50.364297,   3.359019,,,0,,0
1310,,"HELESMES MAIRIE",,  50.367635,   3.357122,,,0,,0
1311,,"HENRI DURRE",,  50.370797,   3.358568,,,0,,0
1312,,"JUSTIN GUIOT",,  50.373326,   3.359515,,,0,,0
1313,,"HELESMES TERMINUS",,  50.376973,   3.361237,,,0,,0
1316,,"GRANDS CHAMPS",,  50.348308,   3.402435,,,0,,0
1317,,"COQUELICOTS",,  50.348885,   3.404059,,,0,,0
1318,,"ARTHUR BRUNET",,  50.350083,   3.410237,,,0,,0
1319,,"FELIX FAURE",,  50.352166,   3.409776,,,0,,0
1320,,"DESCARPENTRY",,  50.356347,   3.405419,,,0,,0
1321,,"WALLERS CIMETIERE",,  50.370022,   3.386277,,,0,,0
1322,,"HAVELUY MAIRIE",,  50.355732,   3.402408,,,0,,1
1323,,"LYCEE POLYVALENT",,  50.323072,   3.397117,,,0,,0
1324,,"PONT DE L'ENCLOS",,  50.318894,   3.397237,,,0,,0
1327,,"JACQUES BREL",,  50.320418,   3.401269,,,0,,1
1328,,"ANATOLE FRANCE",,  50.320066,   3.409136,,,0,,0
1329,,"MOLIERE",,  50.320702,   3.412243,,,0,,0
1330,,"HAULCHIN RACINE",,  50.319798,   3.417197,,,0,,0
1334,,"DOUCHY HAINAUT",,  50.301850,   3.396335,,,0,,0
1335,,"JULIEN RENARD",,  50.299866,   3.392649,,,0,,0
1337,,"DOUCHY MAIRIE ANNEXE",,  50.302638,   3.387913,,,0,,0
1340,,"KILOMETRE",,  50.323946,   3.519780,,,0,,0
1341,,"MINEUR",,  50.318588,   3.518553,,,0,,0
1342,,"FAMARS PLACE",,  50.316290,   3.518629,,,0,,0
1343,,"LES 3 BOULEAUX",,  50.311291,   3.517718,,,0,,0
1345,,"MARRONNIER",,  50.291777,   3.539098,,,0,,0
1346,,"RUE DES ECOLES",,  50.293582,   3.542129,,,0,,0
1347,,"ARTRES CAVINS",,  50.296380,   3.542298,,,0,,0
1349,,"AULNOY MONUMENT",,  50.329131,   3.527520,,,0,,0
1350,,"MARIE CURIE",,  50.325369,   3.524887,,,0,,0
1351,,"CIMENTERIE",,  50.287801,   3.339056,,,0,,0
1354,,"SAULTAIN BARRIERE",,  50.341071,   3.563611,,,0,,0
1355,,"SAULTAIN EGLISE",,  50.336525,   3.575912,,,0,,1
1356,,"CHEMIN DES WUILLONS",,  50.336130,   3.581830,,,0,,0
1357,,"CURGIES MAIRIE",,  50.330498,   3.601293,,,0,,0
1358,,"CURGIES CHAPELLE",,  50.328742,   3.607840,,,0,,0
1360,,"LE GRAND CHAMP",,  50.342983,   3.587614,,,0,,0
1361,,"FERME DU MOULIN",,  50.347682,   3.590866,,,0,,0
1362,,"ESTREUX EGLISE",,  50.350375,   3.594449,,,0,,0
1363,,"PAS DE CHEVAL",,  50.352734,   3.595745,,,0,,0
1364,,"MERRHEIM",,  50.325226,   3.378113,,,0,,0
1365,,"CAMBRESIS",,  50.324727,   3.366884,,,0,,0
1366,,"1/4 DE 6 HEURES",,  50.325013,   3.359935,,,0,,1
1367,,"SIX MARIANNES",,  50.328437,   3.334827,,,0,,0
1368,,"BOURRELIER",,  50.335182,   3.296932,,,0,,1
1369,,"LES BAILLONS",,  50.336846,   3.287877,,,0,,0
1371,,"CHABAUD LATOUR",,  50.333987,   3.400674,,,0,,0
1374,,"WALLERS 4 RUES",,  50.373283,   3.392388,,,0,,0
1375,,"ABREUVOIR",,  50.378540,   3.393192,,,0,,0
1377,,"GRAND BRAY",,  50.409899,   3.402524,,,0,,0
1380,,"COLLEGE MOULIN BLANC",,  50.443682,   3.409270,,,0,,0
1381,,"COLLEGE MOULIN BLANC",,  50.443775,   3.409170,,,0,,1
1382,,"VICTOR NOIR",,  50.320464,   3.378831,,,0,,0
1383,,"FAIDHERBE",,  50.318317,   3.375008,,,0,,0
1384,,"MARTIN",,  50.316674,   3.372763,,,0,,0
1386,,"PERUWELZ INSTI TECH",,  50.505489,   3.594370,,,0,,0
1387,,"BOCCA",,  50.307452,   3.383869,,,0,,0
1388,,"PARRAIN",,  50.298179,   3.381596,,,0,,0
1389,,"NOYELLES CENTRE",,  50.287174,   3.386669,,,0,,0
1390,,"NOYELLES MOULIN",,  50.286567,   3.390395,,,0,,0
1391,,"MAISON ROUGE",,  50.285726,   3.403965,,,0,,0
1392,,"FLEURY",,  50.276563,   3.406709,,,0,,0
1393,,"L'AUBETTE",,  50.264385,   3.410336,,,0,,0
1394,,"HASPRES GARE",,  50.261772,   3.414016,,,0,,0
1395,,"HASPRES PLACE",,  50.258928,   3.417945,,,0,,1
1397,,"SAINT PE",,  50.314584,   3.389627,,,0,,0
1398,,"JOLIOT CURIE",,  50.306354,   3.387775,,,0,,1
1399,,"BARBUSSE",,  50.303644,   3.388901,,,0,,1
1401,,"ZINCIQUES",,  50.282955,   3.335526,,,0,,0
1402,,"TABAC",,  50.274704,   3.345618,,,0,,0
1403,,"LIEU ST AMAND STADE",,  50.270986,   3.340789,,,0,,1
1404,,"BOUCHAIN GARE",,  50.278578,   3.331599,,,0,,1
1405,,"BOUCHAIN PLACE",,  50.282135,   3.320753,,,0,,1
1406,,"BOUCHAIN EGLISE",,  50.284006,   3.317563,,,0,,0
1407,,"BOUCHAIN OSTREVANT",,  50.285310,   3.312648,,,0,,0
1409,,"HORDAIN LE PAVE",,  50.263356,   3.320680,,,0,,0
1410,,"PERUWELZ PLACE",,  50.509859,   3.593098,,,0,,0
1411,,"HORDAIN S. DE SPORT",,  50.262120,   3.315012,,,0,,0
1412,,"VOSGES",,  50.342646,   3.516434,,,0,place_TYVOSG,1
1413,,"HAULCHIN PYRAMIDE",,  50.317613,   3.421431,,,0,,1
1414,,"SENTIER DE DOUCHY",,  50.315567,   3.427696,,,0,,0
1415,,"HAULCHIN CENTRE",,  50.317670,   3.433708,,,0,,0
1416,,"CITE USINOR",,  50.315414,   3.437621,,,0,,0
1417,,"HAULCHIN GARE",,  50.311678,   3.432378,,,0,,0
1418,,"BERNISSART",,  50.457351,   3.590786,,,0,,0
1420,,"CHEMINOTS",,  50.361418,   3.507449,,,0,,0
1421,,"MONACO",,  50.359514,   3.506220,,,0,,0
1422,,"ESCAUDAIN STADE",,  50.331365,   3.339496,,,0,,0
1424,,"CENTRE F.P.A.",,  50.353021,   3.468311,,,0,,1
1425,,"JACQUET",,  50.352541,   3.461720,,,0,,0
1426,,"RAPART",,  50.352400,   3.456068,,,0,,0
1428,,"FOSSE D' HERIN",,  50.350107,   3.451547,,,0,,0
1429,,"HERIN 19 MARS",,  50.345849,   3.453086,,,0,,0
1430,,"HERIN PL DU MONUMENT",,  50.355536,   3.453229,,,0,,0
1431,,"HERIN GRAND PLACE",,  50.357272,   3.453281,,,0,,0
1432,,"LA ROUGEVILLE",,  50.374570,   3.538877,,,0,,0
1433,,"MACAREZ",,  50.370653,   3.533898,,,0,,0
1434,,"HOTEL DES IMPOTS",,  50.367205,   3.529885,,,0,,0
1436,,"FLORENT GILLES",,  50.336661,   3.483255,,,0,,1
1438,,"DESIRE HUBERT",,  50.333930,   3.487219,,,0,,0
1439,,"TRITH GARE",,  50.332296,   3.487880,,,0,,1
1440,,"CONCORDE",,  50.326771,   3.488989,,,0,,0
1442,,"TRITH FORT",,  50.320506,   3.479524,,,0,,0
1443,,"CLOUTERIE",,  50.319250,   3.471657,,,0,,0
1444,,"PROUVY GARE",,  50.316430,   3.462684,,,0,,0
1445,,"PROUVY P.N.",,  50.315454,   3.454883,,,0,,0
1446,,"SQUARE BEUGNIES",,  50.322094,   3.451647,,,0,,1
1448,,"AUBRY PLACE",,  50.369633,   3.465711,,,0,,1
1449,,"AUBRY LE MARAIS",,  50.367823,   3.459827,,,0,,0
1450,,"MARECHAL",,  50.360452,   3.450122,,,0,,0
1451,,"LE PLUS COURT",,  50.359598,   3.447155,,,0,,0
1456,,"LES SAULES",,  50.340080,   3.506794,,,0,,0
1457,,"HOTEL DES FORGES",,  50.334092,   3.503431,,,0,,0
1459,,"FONTENELLE",,  50.321954,   3.499967,,,0,,1
1460,,"TRITH CIMETIERE",,  50.326916,   3.483718,,,0,,0
1465,,"MAING MAIRIE",,  50.308298,   3.483847,,,0,,1
1466,,"CUVELIER",,  50.305978,   3.479199,,,0,,1
1467,,"MAING RUCART",,  50.304860,   3.470649,,,0,,0
1469,,"THIANT PLACE",,  50.304296,   3.449217,,,0,,0
1470,,"THIANT CAOUTI",,  50.308644,   3.447686,,,0,,1
1471,,"THIANT JAURES",,  50.303138,   3.446269,,,0,,0
1473,,"BEAUDELIERS",,  50.377891,   3.575703,,,0,,1
1474,,"HUMANITE",,  50.324838,   3.482258,,,0,,0
1475,,"CHAMPAGNE",,  50.339859,   3.524815,,,0,,0
1476,,"MARAICAUX",,  50.393570,   3.484972,,,0,,1
1477,,"CAMBRINUS",,  50.426403,   3.566613,,,0,,0
1478,,"ETS DES FORGES",,  50.322555,   3.382557,,,0,,0
1480,,"CHAPELLE ST MARTIN",,  50.344462,   3.640015,,,0,,1
1481,,"CINQ QUARTS",,  50.351580,   3.637895,,,0,,0
1482,,"SEBOURQUIAUX CASCADE",,  50.352418,   3.650120,,,0,,0
1483,,"VERIMETZ",,  50.340177,   3.651946,,,0,,0
1485,,"SEBOURG EGLISE",,  50.344381,   3.644839,,,0,,0
1487,,"CORBEAU",,  50.350549,   3.648801,,,0,,0
1488,,"RUE D'EN HAUT",,  50.351278,   3.653097,,,0,,0
1490,,"ANZIN CIMETIERE",,  50.367303,   3.501400,,,0,,0
1491,,"7 CHEMINS",,  50.339433,   3.480717,,,0,,0
1493,,"FERRER",,  50.372427,   3.388536,,,0,,0
1495,,"MERONETTE",,  50.376346,   3.402719,,,0,,1
1496,,"BLANQUART",,  50.379900,   3.409276,,,0,,1
1497,,"BOUTON",,  50.377118,   3.412109,,,0,,1
1499,,"ARENBERG BARRIERE",,  50.377690,   3.422895,,,0,,0
1500,,"ARENBERG FOSSE",,  50.384464,   3.426691,,,0,,1
1502,,"COUCOU",,  50.379059,   3.430287,,,0,,0
1503,,"VERDUN",,  50.376824,   3.429818,,,0,,0
1504,,"BELLAING ECOLES",,  50.372258,   3.430336,,,0,,1
1505,,"BELLAING CALVAIRE",,  50.367853,   3.428496,,,0,,0
1506,,"OISY PAQUERETTES",,  50.363529,   3.437274,,,0,,0
1508,,"MARTIAL REGNIER",,  50.360362,   3.443111,,,0,,0
1509,,"MASTAING CHAPELLE",,  50.304620,   3.309655,,,0,,0
1510,,"JULES FERRY",,  50.306464,   3.306969,,,0,,0
1511,,"MASTAING MAIRIE",,  50.306989,   3.303061,,,0,,0
1514,,"ANCIENNE GARE",,  50.358091,   3.399727,,,0,,0
1516,,"BELLAING PLACE",,  50.367360,   3.424382,,,0,,0
1517,,"NOUVELLES MAISONS",,  50.365596,   3.419848,,,0,,0
1521,,"LUCIEN JONAS",,  50.378726,   3.499800,,,0,,0
1524,,"MARCEAU",,  50.335229,   3.351190,,,0,,0
1533,,"LAURIERS",,  50.371368,   3.488047,,,0,,1
1534,,"HERIN CIMETIERE",,  50.362301,   3.454460,,,0,,0
1535,,"COLLINIERE",,  50.433923,   3.429118,,,0,,0
1537,,"ALBERT SCHWEITZER",,  50.345587,   3.555340,,,0,,1
1538,,"AUBEPINES",,  50.331835,   3.598071,,,0,,0
1539,,"PETITE FORET PLACE",,  50.368521,   3.476764,,,0,,1
1542,,"UNIVERSITE",,  50.320329,   3.512736,,,0,place_TYUNI,1
1544,,"ST SAULVE BOSQUET",,  50.369233,   3.561275,,,0,,0
1546,,"ANGUILLE",,  50.427635,   3.409549,,,0,,0
1547,,"PASINO",,  50.443267,   3.437830,,,0,,0
1548,,"HARPIGNIES",,  50.364270,   3.526412,,,0,,1
1550,,"VALMONT",,  50.365237,   3.505465,,,0,,0
1551,,"GAMBETTA",,  50.389045,   3.624889,,,0,,0
1553,,"ST SAULVE LECUYER",,  50.388182,   3.551472,,,0,place_LEC,0
1554,,"ST MARK",,  50.338239,   3.310666,,,0,,0
1557,,"VAL STE CATHERINE",,  50.351335,   3.516779,,,0,place_TYSTCA,0
1558,,"ST AMAND TRETOIRE",,  50.439614,   3.441410,,,0,,0
1559,,"COUTEAUX",,  50.437820,   3.445846,,,0,,0
1560,,"MONT DES BRUYERES",,  50.437281,   3.452269,,,0,,0
1561,,"CHENE CRUPEAU",,  50.441355,   3.456314,,,0,,1
1562,,"CROISETTE",,  50.445573,   3.460528,,,0,,0
1567,,"PENNYNCK",,  50.392002,   3.514509,,,0,,0
1568,,"PARC DERASSE",,  50.386037,   3.503651,,,0,,1
1569,,"BEUVRAGES GARE",,  50.389132,   3.505691,,,0,,0
1570,,"RUE DES POILUS",,  50.391009,   3.507293,,,0,,0
1572,,"BANCEL",,  50.433834,   3.573355,,,0,,1
1573,,"HARDY",,  50.439727,   3.563350,,,0,,0
1574,,"RUE DU BOIS",,  50.439383,   3.553687,,,0,,1
1575,,"PYCK",,  50.444201,   3.553841,,,0,,0
1576,,"CHENE A L' IMAGE",,  50.448404,   3.554673,,,0,,1
1577,,"ODOMEZ CITE",,  50.452322,   3.546049,,,0,,0
1578,,"ODOMEZ MAIRIE",,  50.455657,   3.537029,,,0,,0
1580,,"ODOMEZ LA HAUTEVILLE",,  50.447525,   3.527493,,,0,,0
1584,,"THIVENCELLE MAIRIE",,  50.439769,   3.634530,,,0,,0
1585,,"O'REILLY",,  50.424486,   3.660647,,,0,,0
1586,,"LA FOLIE",,  50.428419,   3.660271,,,0,,0
1587,,"BELLEUSE",,  50.444972,   3.646161,,,0,,0
1588,,"CALVAIRE ST ROCH",,  50.443389,   3.641541,,,0,,0
1589,,"ST PIERRE",,  50.445912,   3.593884,,,0,,0
1591,,"VENOT",,  50.392781,   3.603436,,,0,,0
1592,,"POUDRIERE",,  50.398332,   3.603958,,,0,,0
1593,,"RIBERY",,  50.399017,   3.608068,,,0,,0
1594,,"CHAPELLE DU MARAIS",,  50.397774,   3.612089,,,0,,0
1595,,"LES ECUMEES",,  50.403873,   3.609727,,,0,,0
1596,,"RUE DE FRESNES",,  50.414808,   3.597289,,,0,place_RDF,0
1597,,"SPIRO GILLS",,  50.419127,   3.586575,,,0,,0
1598,,"PLATEAU",,  50.429998,   3.579439,,,0,,1
1599,,"GHESQUIERE",,  50.304911,   3.332377,,,0,,0
1600,,"ROEULX ALOUETTE",,  50.306672,   3.325955,,,0,,0
1601,,"ROEULX ROQUEBRUNE",,  50.309590,   3.328222,,,0,,0
1602,,"VARSOVIE",,  50.442377,   3.637839,,,0,,0
1603,,"LOUISE MICHEL",,  50.393281,   3.536812,,,0,,0
1604,,"BAYONNE PLACE",,  50.493513,   3.545681,,,0,,0
1606,,"LYCEE COUTEAUX",,  50.447718,   3.443251,,,0,,0
1607,,"INTERVILLE",,  50.450694,   3.435352,,,0,,0
1608,,"PLATANES",,  50.453486,   3.434591,,,0,,0
1609,,"SALLE BAUDUIN",,  50.342991,   3.378082,,,0,,0
1611,,"ROUVIGNIES HERLY",,  50.327296,   3.445565,,,0,,0
1612,,"CLG P.-G. DE GENNES",,  50.365531,   3.476169,,,0,,1
1614,,"ST AMAND CENTRE COM.",,  50.435752,   3.440288,,,0,,0
1616,,"TANNERIE",,  50.273088,   3.337468,,,0,,1
1617,,"GROS PIN",,  50.437291,   3.448451,,,0,,0
1618,,"DEFRICHE CIMETIERE",,  50.469709,   3.605572,,,0,,0
1619,,"ROUTE DE CONDE",,  50.448346,   3.448874,,,0,,0
1620,,"EPI D' OR",,  50.369055,   3.394408,,,0,,1
1622,,"ARTRES GARE",,  50.286575,   3.546302,,,0,,0
1627,,"RESIDENCE DU CHATEAU",,  50.313963,   3.366955,,,0,,1
1630,,"FAIENCIERS FAUQUEZ",,  50.442319,   3.422822,,,0,,0
1638,,"ROMANEE",,  50.351478,   3.497869,,,0,,0
1639,,"DIANE",,  50.350694,   3.495543,,,0,,0
1640,,"ESPACE VILLARS",,  50.326480,   3.392850,,,0,place_DLB,1
1641,,"LA CALECHE",,  50.380372,   3.559777,,,0,,0
1642,,"LE ROUCOU",,  50.380024,   3.555000,,,0,,0
1643,,"LES 4 VENTS",,  50.463449,   3.516380,,,0,,0
1645,,"BRUILLE MAIRIE",,  50.454569,   3.520567,,,0,,0
1646,,"BRUILLE CIMETIERE",,  50.457247,   3.510392,,,0,,0
1648,,"LEBAS",,  50.353415,   3.363478,,,0,,0
1649,,"MARLY HENRI BARBUSSE",,  50.344247,   3.558193,,,0,,0
1651,,"AVESNES EGLISE",,  50.251785,   3.376394,,,0,,0
1652,,"AVESNES MAIRIE",,  50.249364,   3.374668,,,0,,0
1653,,"ST AMAND ELNON",,  50.453606,   3.430408,,,0,place_PWELL,0
1657,,"AUGUSTIN BAY",,  50.461553,   3.576417,,,0,,0
1659,,"PLACE DU MARCLAU",,  50.248554,   3.377031,,,0,,0
1660,,"AVESNES GARE",,  50.244855,   3.386022,,,0,,0
1663,,"FOYER NOTRE DAME",,  50.370510,   3.470907,,,0,,0
1664,,"LES CHARMES",,  50.369227,   3.461753,,,0,,1
1667,,"CLG J.-J. ROUSSEAU",,  50.303689,   3.459318,,,0,,1
1669,,"CEZANNE",,  50.330011,   3.479462,,,0,,0
1670,,"CLOS ARAGON",,  50.328176,   3.479760,,,0,,0
1672,,"LE PLOUICH",,  50.388351,   3.484549,,,0,,1
1673,,"MUSMEAUX",,  50.385754,   3.486388,,,0,,0
1674,,"MARCEL SEMBAT",,  50.383644,   3.482373,,,0,,0
1675,,"BOSQUET",,  50.381902,   3.477826,,,0,,0
1676,,"PATER",,  50.360274,   3.531733,,,0,,0
1681,,"LAMENDIN",,  50.297141,   3.346340,,,0,,0
1682,,"CHOQUE",,  50.410728,   3.383786,,,0,,1
1683,,"LE CREUSOT",,  50.413071,   3.376198,,,0,,0
1685,,"ST AMAND HOPITAL",,  50.447677,   3.432247,,,0,,0
1688,,"CHEMIN DES POSTES",,  50.384667,   3.621959,,,0,,0
1691,,"LA SAVERNIERE",,  50.444875,   3.657710,,,0,,0
1692,,"ST AYBERT PLACE",,  50.447852,   3.654403,,,0,,0
1693,,"CITE LEDE",,  50.447249,   3.648579,,,0,,0
1695,,"MARLY EGLISE",,  50.349736,   3.540514,,,0,,0
1697,,"LA LAYETTE",,  50.268770,   3.464835,,,0,,0
1698,,"LA JARDINIERE",,  50.267299,   3.468898,,,0,,0
1710,,"VERCHAIN MAIRIE",,  50.269026,   3.476762,,,0,,0
1718,,"PLACE DU PARQUIAU",,  50.364535,   3.646288,,,0,,0
1720,,"GUY MORELLE",,  50.397849,   3.665194,,,0,,0
1723,,"BAISIEUX",,  50.345804,   3.654913,,,0,,0
1725,,"CALMETTE",,  50.271586,   3.348766,,,0,,1
1726,,"CHAMP DES OISEAUX",,  50.439674,   3.390293,,,0,,0
1727,,"PA MOULIN BLANC",,  50.440177,   3.394599,,,0,,0
1728,,"FRANC MANTEAU",,  50.307834,   3.490418,,,0,,0
1733,,"LE SCOTCH",,  50.321365,   3.429374,,,0,,0
1735,,"MONCHAUX CHAPELLE",,  50.286078,   3.449144,,,0,,0
1736,,"SAULTAIN PARADIS",,  50.343890,   3.573001,,,0,,0
1737,,"MONCHAUX MAIRIE",,  50.286155,   3.455518,,,0,,0
1738,,"CITE MUSMEAUX",,  50.315178,   3.399457,,,0,,0
1739,,"CASANOVA",,  50.329459,   3.483336,,,0,,0
1741,,"BELLAING VIRAGES",,  50.366139,   3.432103,,,0,,1
1742,,"MARLY AUTOROUTE",,  50.337596,   3.559196,,,0,place_MAA,0
1743,,"LE BLEU",,  50.330442,   3.448649,,,0,,0
1744,,"EMERCHICOURT MAIRIE",,  50.313197,   3.254264,,,0,,0
1746,,"327 IEME R.I",,  50.361458,   3.535550,,,0,,0
1747,,"CASTOR",,  50.310583,   3.443050,,,0,,0
1748,,"CH. D' EXPLOITATION",,  50.258820,   3.311717,,,0,,0
1749,,"HORDAIN PONT",,  50.254821,   3.305155,,,0,,0
1750,,"BOUCHAIN BASSIN ROND",,  50.256175,   3.300519,,,0,,0
1751,,"FERME THONVILLE",,  50.320755,   3.405369,,,0,,0
1757,,"DAUPHIN",,  50.367389,   3.644405,,,0,,0
1758,,"RUE DE PARIS",,  50.376728,   3.511690,,,0,,0
1762,,"BLERIOT",,  50.324990,   3.452053,,,0,,0
1763,,"GSK",,  50.453383,   3.467515,,,0,,1
1765,,"LA RIE",,  50.311489,   3.491601,,,0,,0
1767,,"RN 30",,  50.279581,   3.336635,,,0,,1
1768,,"LES CARRIERES",,  50.290954,   3.342120,,,0,,0
1769,,"BOUCHAIN",,  50.315645,   3.264759,,,0,,0
1771,,"DUBLED",,  50.351242,   3.491520,,,0,,1
1772,,"CUBRAY",,  50.456181,   3.463641,,,0,,0
1773,,"LES ROSIERES",,  50.457107,   3.470292,,,0,,0
1774,,"LA TAILLETTE",,  50.460541,   3.494088,,,0,,0
1775,,"HAUTERIVE",,  50.467190,   3.484764,,,0,,0
1776,,"LE LONG BUHOT",,  50.471008,   3.486761,,,0,,0
1777,,"BRUILLE EGLISE",,  50.473230,   3.499317,,,0,,0
1778,,"LA SOURCE",,  50.468091,   3.507183,,,0,,0
1779,,"FERME LEMER",,  50.460322,   3.526727,,,0,,0
1780,,"NOTRE DAME AU BOIS",,  50.456406,   3.525650,,,0,,1
1781,,"BEU D'ABBY",,  50.451465,   3.524201,,,0,,0
1782,,"LES VUILLONS",,  50.315596,   3.572214,,,0,,0
1783,,"PLACE DE LA BRUYERE",,  50.437788,   3.403357,,,0,,0
1784,,"RUE DE LA BRUYERE",,  50.443173,   3.404728,,,0,,0
1789,,"FONTAINE BOUILLON",,  50.443417,   3.464790,,,0,,0
1791,,"MALECOT",,  50.447464,   3.436759,,,0,,0
1792,,"LES ORMEAUX",,  50.433841,   3.399030,,,0,,0
1793,,"RAISMES TAFFIN",,  50.404965,   3.520209,,,0,,0
1796,,"COLLEGE MME D'EPINAY",,  50.329234,   3.519298,,,0,,0
1798,,"BICENTENAIRE",,  50.435359,   3.390802,,,0,,0
1799,,"MILLONFOSSE ECOLES",,  50.433284,   3.385494,,,0,,0
1800,,"EMAILLERIE",,  50.404942,   3.665550,,,0,,0
1801,,"MARC LEFRANCQ",,  50.334996,   3.454110,,,0,place_CHY,0
1802,,"PRESEAU PARC",,  50.312938,   3.575793,,,0,,1
1804,,"SALLE DE SPORT",,  50.310976,   3.576457,,,0,,0
1806,,"PRESEAU MAIRIE",,  50.311764,   3.573204,,,0,,0
1807,,"COLLEGE VOLTAIRE",,  50.315387,   3.355256,,,0,,1
1813,,"QUERENAING MAIRIE",,  50.287112,   3.513585,,,0,,1
1814,,"CIMETIERE",,  50.292327,   3.514441,,,0,,1
1815,,"MORTAGNE GARE",,  50.497197,   3.445409,,,0,,0
1816,,"MORTAGNE PONT SCARPE",,  50.499494,   3.451547,,,0,,0
1817,,"PONT DE L'ESCAUT",,  50.501643,   3.452834,,,0,,0
1818,,"RUE DE LA POSTE",,  50.502571,   3.450856,,,0,,0
1819,,"CHATEAU GRAND RUE",,  50.487881,   3.469794,,,0,,0
1820,,"RUE DE FLINES",,  50.487389,   3.475175,,,0,,0
1821,,"RUE DE LA FONTAINE",,  50.483138,   3.477413,,,0,,0
1822,,"RUE DU RIEU",,  50.476332,   3.473587,,,0,,0
1823,,"RUELLE DU BOIS",,  50.472298,   3.478047,,,0,,0
1824,,"RUE DE LA CHASSE",,  50.467221,   3.478518,,,0,,0
1825,,"NIVELLE PONT",,  50.470597,   3.469069,,,0,,0
1826,,"NIVELLE CALVAIRE",,  50.468934,   3.458211,,,0,,0
1827,,"NIVELLE R. HENNEBICQ",,  50.470063,   3.455702,,,0,,0
1831,,"RUE DE LA TRINQUETTE",,  50.497984,   3.434103,,,0,,0
1832,,"MAULDE PLACE",,  50.502834,   3.432289,,,0,,0
1833,,"FACTEUR",,  50.500654,   3.436631,,,0,,0
1834,,"SABOTIER",,  50.496185,   3.442381,,,0,,0
1835,,"MORTAGNE PLACE",,  50.503918,   3.454577,,,0,,1
1836,,"URBAIN",,  50.503707,   3.460026,,,0,,0
1837,,"FLINES PLACE",,  50.503472,   3.464528,,,0,,0
1838,,"FOURNIER",,  50.505984,   3.466185,,,0,,0
1839,,"CHAPELLE D. DOULEURS",,  50.508297,   3.468504,,,0,,0
1840,,"LEGIES PLACE",,  50.511165,   3.482717,,,0,,0
1841,,"ECOLE DECOBECQ",,  50.510708,   3.490761,,,0,,0
1842,,"FLINES ROUILLON",,  50.513583,   3.500172,,,0,,0
1844,,"WAVRECHAIN\FAULX PL.",,  50.273056,   3.287533,,,0,,1
1845,,"RUE DE BOUCHAIN",,  50.274290,   3.287162,,,0,,0
1846,,"WASNES AU BAC MAIRIE",,  50.270203,   3.260108,,,0,,1
1847,,"RUE DES ROTISSEURS",,  50.270828,   3.256169,,,0,,0
1848,,"MARQUETTE EGLISE",,  50.286432,   3.265859,,,0,,0
1849,,"MARQUETTE LIBERTE",,  50.288152,   3.268792,,,0,,0
1851,,"MARQUETTE 8 MAI 45",,  50.286724,   3.261122,,,0,,0
1852,,"WIGNOLLE LEDIEU",,  50.288754,   3.278709,,,0,,0
1853,,"BOUCHAIN CIMETIERE",,  50.286359,   3.311497,,,0,,0
1854,,"CLG DE L'OSTREVANT",,  50.281423,   3.305999,,,0,,0
1855,,"FERME DUMONT",,  50.472983,   3.492197,,,0,,0
1857,,"L'OREE DU BOIS",,  50.443090,   3.472749,,,0,,0
1858,,"JUDO CLUB",,  50.453280,   3.456744,,,0,,0
1859,,"CRESPIN SUCRERIE",,  50.420646,   3.658602,,,0,,0
1860,,"CRESPIN HOTEL VILLE",,  50.417697,   3.661092,,,0,,0
1861,,"NERVO",,  50.318318,   3.366368,,,0,,0
1862,,"BRIFFAUT",,  50.328983,   3.488124,,,0,,0
1863,,"DAIMLER",,  50.340201,   3.452986,,,0,,0
1869,,"PIERRE RICHARD",,  50.341363,   3.513788,,,0,,0
1872,,"RUE LAPLACE",,  50.381686,   3.474128,,,0,,0
1873,,"GRIOLET",,  50.333883,   3.510686,,,0,,0
1874,,"LA CHAUDIERE",,  50.350998,   3.564416,,,0,,0
1876,,"MOULIN BRULE",,  50.346507,   3.566101,,,0,,0
1878,,"MICHELIN",,  50.335996,   3.443107,,,0,,0
1879,,"HERGNIES JAURES",,  50.469585,   3.537225,,,0,,0
1880,,"PASSERELLE",,  50.373499,   3.477359,,,0,,1
1882,,"PARC HORDAIN HAINAUT",,  50.264552,   3.328168,,,0,,0
1883,,"BOIS DE DOUCHY",,  50.306958,   3.398987,,,0,,0
1884,,"RUE TOLSTOI",,  50.304824,   3.395015,,,0,,0
1885,,"BOUCHAIN VILLE HAUTE",,  50.287893,   3.311656,,,0,,0
1886,,"PAUL WILLAI",,  50.464387,   3.488770,,,0,,0
1887,,"ETS TERROIR/MANSART",,  50.344833,   3.554131,,,0,,1
1892,,"LES NYMPHEAS",,  50.331406,   3.530963,,,0,,0
1894,,"CHEMIN DES DAMES",,  50.340967,   3.512600,,,0,,1
1895,,"PATRICK ROY",,  50.317978,   3.402648,,,0,,1
1897,,"MARLY MAISON DES AS.",,  50.347259,   3.536499,,,0,,0
1898,,"VAL. DE LA RHONELLE",,  50.345808,   3.539338,,,0,,0
1899,,"ST AMAND CIMETIERE",,  50.455610,   3.436585,,,0,,0
1903,,"RUE LANGUEDOC",,  50.341688,   3.520337,,,0,,0
1904,,"ECOLE LOUISE MICHEL",,  50.340011,   3.526925,,,0,,0
1905,,"RESID. DES PEINTRES",,  50.342396,   3.530080,,,0,,0
1906,,"AUNOMED",,  50.332892,   3.527779,,,0,,0
1907,,"ROUTE DE ROUBAIX",,  50.450440,   3.415383,,,0,,0
1908,,"ROBREUX",,  50.473768,   3.384501,,,0,,0
1909,,"CAILLOU",,  50.460556,   3.408606,,,0,,0
1910,,"PONT DES TURCS",,  50.463098,   3.411896,,,0,,0
1912,,"DELTOMBE",,  50.465890,   3.417016,,,0,,0
1914,,"PASSAGE A NIVEAU",,  50.473027,   3.412588,,,0,,0
1915,,"LASSON",,  50.479298,   3.409364,,,0,,0
1916,,"HAMEAU DE MACOU",,  50.461264,   3.593364,,,0,place_HAMEAU,0
1920,,"ROUTE DE TOURNAI",,  50.480413,   3.425586,,,0,,0
1921,,"PERDRIX",,  50.465050,   3.425727,,,0,,0
1922,,"LE DOIGNON",,  50.467606,   3.400542,,,0,,0
1923,,"BOUT DE CHORETTE",,  50.487122,   3.401751,,,0,,0
1924,,"LECELLES MAIRIE",,  50.476728,   3.401986,,,0,,0
1925,,"GITE DE CHORETTE",,  50.484957,   3.406236,,,0,,0
1933,,"CENTRE DES CONGRES",,  50.375251,   3.516984,,,0,place_RIVESC,1
1937,,"PIERRE BERIOT",,  50.325848,   3.384309,,,0,,1
1940,,"ESPACE VILLARS",,  50.326086,   3.393003,,,0,place_DLB,1
1941,,"LOURCHES GARE",,  50.310127,   3.342900,,,0,,0
1963,,"PLACE GAMBETTA",,  50.447126,   3.421947,,,0,,0
1964,,"LES AUGUSTINES",,  50.453938,   3.411989,,,0,,0
1965,,"TUYAU BONA",,  50.457707,   3.407320,,,0,,0
1966,,"POINT DU JOUR",,  50.462563,   3.400629,,,0,,0
1967,,"LECELLES EGLISE",,  50.470355,   3.396250,,,0,,0
1968,,"RUE DE TOURNAI",,  50.483943,   3.558546,,,0,,0
1969,,"LA FROIDURE",,  50.482955,   3.402659,,,0,,1
1970,,"BOUCHART",,  50.483646,   3.413448,,,0,,0
1971,,"COLLEGE SAINTE-ANNE",,  50.345357,   3.645535,,,0,,0
1978,,"CHORETTE",,  50.482835,   3.419497,,,0,,0
1979,,"LE PINSON",,  50.489967,   3.439473,,,0,,0
1981,,"RUE BOUTAQUE",,  50.467754,   3.449792,,,0,,0
1982,,"IMPASSE VIEILLE RUE",,  50.468879,   3.443195,,,0,,0
1983,,"RUE DUTRIEUX",,  50.472259,   3.438095,,,0,,0
1990,,"L'ARBRE D'ESTREUX",,  50.343862,   3.567132,,,0,,0
1991,,"COLLEGE ST-EXUPERY",,  50.383670,   3.583639,,,0,,0
1992,,"PLACE VICTOR HUGO",,  50.394727,   3.618394,,,0,,0
1993,,"LE VAL EN THUN",,  50.491763,   3.450464,,,0,,0
1994,,"THUN MAIRIE",,  50.479838,   3.459157,,,0,,0
2002,,"ANZIN PLACE",,  50.370484,   3.503558,,,0,,0
2003,,"VALENCIENNES GARE",,  50.363755,   3.518145,,,0,place_GARE,0
2004,,"AV ANATOLE FRANCE",,  50.369005,   3.505780,,,0,,0
2006,,"CREMATORIUM",,  50.381142,   3.510198,,,0,,0
2007,,"DAMPIERRE",,  50.356383,   3.503115,,,0,,0
2024,,"RENE FRANCK",,  50.369693,   3.474236,,,0,,0
2025,,"EDMOND CHER",,  50.367819,   3.478139,,,0,,0
2036,,"SAINT-WAAST HOPITAL",,  50.363946,   3.492179,,,0,place_TYSAWA,0
2042,,"PONT JACOB",,  50.365652,   3.514452,,,0,place_TYLYES,0
2043,,"CROIX D'ANZIN",,  50.367513,   3.509332,,,0,place_CXA,0
2045,,"ANZIN CENTRE",,  50.370467,   3.504723,,,0,place_PAR,1
2052,,"RAISMES PLACE",,  50.392265,   3.483800,,,0,place_PRS,1
2059,,"PRUSSIEN",,  50.411934,   3.454428,,,0,place_PXN,0
2063,,"MOULIN DES LOUPS",,  50.436486,   3.431707,,,0,,0
2066,,"ST AMAND EGLISE",,  50.446622,   3.431445,,,0,,1
2069,,"ANZIN HOTEL DE VILLE",,  50.369170,   3.502267,,,0,place_TYANH,1
2071,,"ST AMAND SNCF",,  50.443695,   3.419101,,,0,place_SAS,1
2083,,"BRUAY PLACE",,  50.396040,   3.537786,,,0,place_BRU,1
2093,,"CLEMENCEAU",,  50.360721,   3.520527,,,0,place_TYCLEM,1
2094,,"DE GAULLE",,  50.374435,   3.512620,,,0,place_DGR,0
2101,,"BOSTSARRON",,  50.388735,   3.491273,,,0,,0
2113,,"BLEUSE BORNE",,  50.384159,   3.523797,,,0,place_BLEUZ,1
2118,,"RUELLES",,  50.392201,   3.532378,,,0,place_RUEL,1
2120,,"FRUITIER",,  50.401714,   3.545330,,,0,place_FRUIT,1
2121,,"LES HAUTS CHAMPS",,  50.404930,   3.549641,,,0,place_HOCHA,1
2125,,"ESCAUTPONT PLACE",,  50.423797,   3.563155,,,0,place_EVP,1
2135,,"MECANICIEN",,  50.455991,   3.585181,,,0,place_MCN,0
2137,,"LE BOULON",,  50.456629,   3.575751,,,0,place_BOLON,0
2138,,"VILLAFRANCA",,  50.457521,   3.571775,,,0,,0
2139,,"VIEUX CONDE PLACE",,  50.457154,   3.568354,,,0,,0
2140,,"VX CONDE CIMETIERE",,  50.459432,   3.566933,,,0,,0
2142,,"TRIANGLE",,  50.464216,   3.554343,,,0,,0
2146,,"HERGNIES MAIRIE",,  50.474450,   3.524433,,,0,,0
2147,,"MONTESQUIEU",,  50.297999,   3.393088,,,0,,0
2159,,"MACOU",,  50.466835,   3.598766,,,0,place_MACOU,0
2167,,"BONSECOURS",,  50.496242,   3.607019,,,0,,0
2169,,"JULES GUESDE",,  50.435869,   3.570165,,,0,,0
2171,,"TRIEU DE FRESNES",,  50.436323,   3.559450,,,0,,0
2172,,"POTERNE",,  50.362814,   3.530620,,,0,place_POT,1
2178,,"ST SAULVE DOUANE",,  50.371971,   3.556743,,,0,,0
2180,,"PETIT ST SAULVE",,  50.376498,   3.571254,,,0,,0
2181,,"CITE DU STADE",,  50.381056,   3.583969,,,0,,1
2188,,"QUAROUBLE 4 PAVES",,  50.391492,   3.621914,,,0,,0
2194,,"CRONTE VOYE",,  50.399807,   3.659169,,,0,,0
2195,,"BL MISSERON 4 PAVES",,  50.402116,   3.665283,,,0,,0
2196,,"FRONTIERE",,  50.403235,   3.671927,,,0,,0
2213,,"CUVINOT ECOLE",,  50.402067,   3.603286,,,0,,0
2216,,"VICQ MARAIS",,  50.412379,   3.600025,,,0,,0
2222,,"CANTON BRULE",,  50.354606,   3.499508,,,0,,0
2226,,"ST CHRISTOPHE",,  50.343855,   3.479207,,,0,,0
2229,,"PETIT COUVENT",,  50.336673,   3.461430,,,0,,0
2231,,"ROUVIGNIES EGLISE",,  50.325390,   3.437600,,,0,,1
2237,,"RUE D'HAVELUY",,  50.330410,   3.400472,,,0,,0
2238,,"TRARIEUX",,  50.327110,   3.400207,,,0,,0
2248,,"HOTEL DE VILLE",,  50.357872,   3.522052,,,0,place_TYVIPO,0
2249,,"ECLAIREUR",,  50.312902,   3.344376,,,0,,0
2251,,"ROEULX J. MOULIN",,  50.309830,   3.335211,,,0,,1
2255,,"ESCAUDAIN 4 CHEMINS",,  50.326910,   3.344000,,,0,,0
2284,,"SOUS PREFECTURE",,  50.356252,   3.519652,,,0,place_TYSSPR,0
2285,,"DENAIN HOPITAL",,  50.328610,   3.396028,,,0,,0
2287,,"GARE DU NORD",,  50.334236,   3.388049,,,0,,0
2294,,"PORTE DE PARIS",,  50.353754,   3.516756,,,0,place_TYFAPA,0
2298,,"LES 2 FERMES",,  50.330703,   3.318449,,,0,,0
2326,,"SAINTE-CATHERINE",,  50.351184,   3.517063,,,0,place_TYSTCA,0
2331,,"CROIX STE MARIE",,  50.308787,   3.402450,,,0,,0
2336,,"KENNEDY",,  50.302676,   3.390361,,,0,,0
2338,,"DOUCHY NATIONS",,  50.300521,   3.386667,,,0,,0
2341,,"MINEUR",,  50.319548,   3.517975,,,0,,1
2345,,"MARRONNIER",,  50.291839,   3.539275,,,0,,0
2389,,"NOYELLES CENTRE",,  50.286858,   3.386349,,,0,,0
2396,,"HASPRES CHAPELLE",,  50.255968,   3.413610,,,0,,0
2412,,"VOSGES",,  50.341875,   3.517538,,,0,place_TYVOSG,0
2428,,"FOSSE D' HERIN",,  50.350559,   3.451920,,,0,,0
2429,,"HERIN 19 MARS",,  50.346033,   3.453201,,,0,,0
2440,,"CONCORDE",,  50.326348,   3.489552,,,0,,0
2441,,"TRITH PLACE",,  50.324107,   3.484426,,,0,,0
2442,,"TRITH FORT",,  50.320395,   3.479819,,,0,,0
2447,,"VOLTAIRE",,  50.364101,   3.481474,,,0,,1
2458,,"POIRIER GARE",,  50.330823,   3.502811,,,0,place_PGA,0
2467,,"MAING RUCART",,  50.304933,   3.471729,,,0,,0
2470,,"THIANT CAOUTI",,  50.309492,   3.447653,,,0,,0
2512,,"MASTAING CONDORCET",,  50.305082,   3.302068,,,0,,0
2518,,"CAMPUS MONT HOUY",,  50.328362,   3.514678,,,0,place_TYWATT,0
2536,,"PLACE CARNOT",,  50.380637,   3.552286,,,0,,0
2537,,"ALBERT SCHWEITZER",,  50.345213,   3.554355,,,0,,1
2541,,"MORIAMEZ RECHERCHE",,  50.324653,   3.514223,,,0,place_TYLOTT,0
2552,,"CACHIN",,  50.296650,   3.394235,,,0,,0
2555,,"CHARMILLES",,  50.339767,   3.306271,,,0,,0
2562,,"CROISETTE",,  50.446400,   3.460598,,,0,,0
2564,,"JEAN DULIEU",,  50.326777,   3.385431,,,0,place_TALEND,0
2565,,"BELLEVUE",,  50.336214,   3.400434,,,0,place_TBELVU,1
2566,,"TAFFIN",,  50.329246,   3.385168,,,0,place_TTAFIN,0
2567,,"DOUCHY ALLENDE",,  50.295911,   3.398079,,,0,,1
2571,,"BEUVRAGES R. DU DROIT",,  50.393172,   3.507860,,,0,,0
2581,,"JAURES",,  50.331994,   3.392193,,,0,place_TJJAUR,0
2582,,"LE GALIBOT",,  50.353060,   3.452580,,,0,place_THERIN,1
2594,,"CHAPELLE DU MARAIS",,  50.398155,   3.612401,,,0,,0
2605,,"BOIS DES MONTAGNES",,  50.355947,   3.471978,,,0,place_TCEFPA,0
2629,,"LA PLAINE",,  50.360731,   3.488267,,,0,place_TLAPLA,0
2630,,"FAIENCIERS FAUQUEZ",,  50.442199,   3.423072,,,0,,0
2636,,"GERNEZ",,  50.355620,   3.506553,,,0,,0
2640,,"ESPACE VILLARS",,  50.326478,   3.392524,,,0,place_DLB,1
2650,,"R.HASPRES SAL.SPORTS",,  50.254196,   3.377434,,,0,,0
2653,,"ST AMAND ELNON",,  50.454205,   3.429973,,,0,place_PWELL,0
2654,,"LA ROUGE PLIE",,  50.317006,   3.494515,,,0,,0
2667,,"CLG J.-J. ROUSSEAU",,  50.303796,   3.459319,,,0,,0
2668,,"TRITH DE VINCI",,  50.332333,   3.483279,,,0,place_TI@,0
2673,,"MUSMEAUX",,  50.387060,   3.484573,,,0,,1
2674,,"MARCEL SEMBAT",,  50.385435,   3.482268,,,0,,0
2675,,"BOSQUET",,  50.382425,   3.478574,,,0,,1
2685,,"ST AMAND HOPITAL",,  50.445531,   3.433093,,,0,,0
2719,,"QUIEVRECHAIN PUITS 2",,  50.387214,   3.660615,,,0,,0
2742,,"MARLY AUTOROUTE",,  50.338144,   3.559538,,,0,place_MAA,0
2746,,"327 IEME R.I",,  50.361323,   3.536855,,,0,,0
2758,,"RUE DE PARIS",,  50.376325,   3.510658,,,0,,0
2774,,"LA TAILLETTE",,  50.459986,   3.495150,,,0,,0
2775,,"HAUTERIVE",,  50.469282,   3.481915,,,0,,0
2780,,"NOTRE DAME AU BOIS",,  50.456891,   3.524991,,,0,,0
2784,,"RUE DE LA BRUYERE",,  50.443379,   3.402149,,,0,,0
2790,,"DUNANT",,  50.446331,   3.426584,,,0,,0
2791,,"MALECOT",,  50.447302,   3.436292,,,0,,0
2816,,"MORTAGNE PONT SCARPE",,  50.499295,   3.450807,,,0,,0
2832,,"MAULDE PLACE",,  50.503211,   3.433113,,,0,,0
2833,,"FACTEUR",,  50.500504,   3.437068,,,0,,0
2913,,"CARNOT",,  50.436850,   3.583658,,,0,place_CARNO,1
2916,,"HAMEAU DE MACOU",,  50.460448,   3.593231,,,0,place_HAMEAU,1
2917,,"TOURNIQUET",,  50.453849,   3.589593,,,0,place_TOURNI,1
2918,,"CONDE HOTEL DE VILLE",,  50.447756,   3.594649,,,0,place_COHOTE,1
2919,,"FRESNES MAIRIE",,  50.432822,   3.579043,,,0,place_FRMAIR,1
2924,,"LECELLES MAIRIE",,  50.477196,   3.402972,,,0,,0
2930,,"SALLE POLYVALENTE",,  50.419717,   3.558574,,,0,place_SPOLYV,1
2931,,"PONT DE BRUAY",,  50.389032,   3.528069,,,0,place_PONBRU,1
2932,,"LES TERRILS D'ANZIN",,  50.378623,   3.519571,,,0,place_TEANZ,1
2933,,"CENTRE DES CONGRES",,  50.374856,   3.516799,,,0,place_RIVESC,1
2934,,"ANDRE PARENT",,  50.369961,   3.513056,,,0,place_ATECEN,1
2992,,"VILLARS",,  50.359104,   3.515001,,,0,,0
3003,,"VALENCIENNES GARE - QUAI F",,  50.362910,   3.518804,,,0,place_GARE,1
3007,,"DAMPIERRE",,  50.357541,   3.505005,,,0,,0
3008,,"VALENCIENNES HOPITAL",,  50.359487,   3.499533,,,0,,0
3015,,"DUTEMPLE",,  50.358041,   3.484193,,,0,place_TYDUT,1
3022,,"CORREZZOLA",,  50.373028,   3.461250,,,0,,0
3024,,"RENE FRANCK",,  50.369629,   3.474140,,,0,,1
3025,,"EDMOND CHER",,  50.367519,   3.477870,,,0,,0
3036,,"SAINT-WAAST HOPITAL",,  50.363624,   3.491752,,,0,place_TYSAWA,1
3043,,"CROIX D'ANZIN",,  50.367617,   3.509443,,,0,place_CXA,0
3045,,"ANZIN CENTRE",,  50.370538,   3.504467,,,0,place_PAR,1
3063,,"MOULIN DES LOUPS",,  50.436528,   3.432013,,,0,,0
3066,,"ST AMAND EGLISE",,  50.446390,   3.431215,,,0,,1
3071,,"ST AMAND SNCF",,  50.443761,   3.418818,,,0,place_SAS,1
3093,,"CLEMENCEAU",,  50.361015,   3.520201,,,0,place_TYCLEM,0
3094,,"DE GAULLE",,  50.374936,   3.512814,,,0,place_DGR,0
3101,,"BOSTSARRON",,  50.388642,   3.491511,,,0,,0
3113,,"BLEUSE BORNE",,  50.384147,   3.523889,,,0,place_BLEUZ,1
3118,,"RUELLES",,  50.392192,   3.532426,,,0,place_RUEL,1
3120,,"FRUITIER",,  50.401713,   3.545330,,,0,place_FRUIT,1
3121,,"LES HAUTS CHAMPS",,  50.404913,   3.549676,,,0,place_HOCHA,1
3122,,"THIERS",,  50.409223,   3.555478,,,0,place_THI,1
3125,,"ESCAUTPONT PLACE",,  50.423752,   3.563279,,,0,place_EVP,1
3128,,"FRESNES MAIRIE",,  50.432988,   3.578495,,,0,place_FRMAIR,1
3135,,"MECANICIEN",,  50.455834,   3.585211,,,0,place_MCN,0
3139,,"VIEUX CONDE PLACE",,  50.456648,   3.568455,,,0,,0
3140,,"VX CONDE CIMETIERE",,  50.459323,   3.563523,,,0,,0
3147,,"MONTESQUIEU",,  50.298219,   3.393070,,,0,,0
3159,,"MACOU",,  50.467212,   3.599334,,,0,place_MACOU,0
3169,,"JULES GUESDE",,  50.435990,   3.569784,,,0,,0
3172,,"POTERNE",,  50.362533,   3.530607,,,0,place_POT,1
3178,,"ST SAULVE DOUANE",,  50.371877,   3.556988,,,0,,0
3188,,"QUAROUBLE 4 PAVES",,  50.391768,   3.621534,,,0,,0
3196,,"FRONTIERE",,  50.403195,   3.672508,,,0,,0
3206,,"QUIEVRECH. CALVAIRE",,  50.392417,   3.662814,,,0,,0
3226,,"ST CHRISTOPHE",,  50.343978,   3.479363,,,0,,0
3231,,"ROUVIGNIES EGLISE",,  50.325717,   3.437216,,,0,,0
3237,,"RUE D'HAVELUY",,  50.331176,   3.401158,,,0,,0
3238,,"TRARIEUX",,  50.327113,   3.400453,,,0,,0
3241,,"ESPACE VILLARS",,  50.325850,   3.392893,,,0,place_DLB,1
3248,,"HOTEL DE VILLE",,  50.358429,   3.522522,,,0,place_TYVIPO,0
3249,,"ECLAIREUR",,  50.312212,   3.345127,,,0,,0
3251,,"ROEULX J.MOULIN",,  50.309603,   3.333812,,,0,,1
3255,,"ESCAUDAIN 4 CHEMINS",,  50.326651,   3.344969,,,0,,0
3272,,"8 MAISONS",,  50.352073,   3.472976,,,0,,0
3284,,"SOUS PREFECTURE",,  50.356147,   3.519868,,,0,place_TYSSPR,0
3285,,"DENAIN HOPITAL",,  50.329381,   3.394991,,,0,,0
3287,,"GARE DU NORD",,  50.333765,   3.389682,,,0,,1
3294,,"PORTE DE PARIS",,  50.353938,   3.517177,,,0,place_TYFAPA,0
3298,,"LES 2 FERMES",,  50.330586,   3.318374,,,0,,0
3313,,"CUVINOT ECOLE",,  50.402121,   3.603444,,,0,,0
3323,,"LYCEE POLYVALENT",,  50.323072,   3.397117,,,0,,0
3326,,"SAINTE-CATHERINE",,  50.351552,   3.516809,,,0,place_TYSTCA,0
3331,,"CROIX STE MARIE",,  50.308673,   3.402540,,,0,,0
3336,,"KENNEDY",,  50.302596,   3.390271,,,0,,0
3341,,"MINEUR",,  50.319625,   3.517673,,,0,,0
3345,,"MARRONNIER",,  50.291777,   3.539098,,,0,,0
3346,,"RUE DES ECOLES",,  50.293578,   3.542118,,,0,,0
3358,,"CURGIES CHAPELLE",,  50.328453,   3.607643,,,0,,0
3376,,"WALLERS GARE",,  50.384088,   3.394662,,,0,,0
3401,,"ZINCIQUES",,  50.282652,   3.336547,,,0,,0
3440,,"CONCORDE",,  50.326771,   3.488989,,,0,,0
3441,,"TRITH PLACE",,  50.323625,   3.483411,,,0,,0
3447,,"VOLTAIRE",,  50.364246,   3.480303,,,0,,1
3450,,"MARECHAL",,  50.360552,   3.449648,,,0,,0
3458,,"POIRIER GARE",,  50.330825,   3.502809,,,0,place_PGA,0
3459,,"FONTENELLE",,  50.321646,   3.499373,,,0,,0
3469,,"THIANT PLACE",,  50.304296,   3.449217,,,0,,0
3470,,"THIANT CAOUTI",,  50.309577,   3.447701,,,0,,0
3481,,"CINQ QUARTS",,  50.351238,   3.638396,,,0,,0
3484,,"SEBOURG TRIEZ",,  50.334868,   3.652648,,,0,,0
3505,,"BELLAING CALVAIRE",,  50.367853,   3.428496,,,0,,0
3512,,"MASTAING CONDORCET",,  50.305743,   3.301626,,,0,,0
3518,,"CAMPUS MONT HOUY",,  50.328709,   3.514636,,,0,place_TYWATT,0
3523,,"LE RUISSARD",,  50.378155,   3.505576,,,0,,0
3536,,"PLACE CARNOT",,  50.380645,   3.552513,,,0,,0
3537,,"ALBERT SCHWEITZER",,  50.346225,   3.554679,,,0,,0
3541,,"MORIAMEZ RECHERCHE",,  50.325016,   3.514389,,,0,place_TYLOTT,0
3552,,"CACHIN",,  50.296368,   3.394645,,,0,,0
3555,,"CHARMILLES",,  50.339767,   3.306271,,,0,,0
3562,,"CROISETTE",,  50.446337,   3.460459,,,0,,0
3564,,"JEAN DULIEU",,  50.326510,   3.385490,,,0,place_TALEND,0
3565,,"BELLEVUE",,  50.335817,   3.400202,,,0,place_TBELVU,1
3566,,"TAFFIN",,  50.329311,   3.385032,,,0,place_TTAFIN,0
3567,,"DOUCHY ALLENDE",,  50.295838,   3.397004,,,0,,1
3581,,"JAURES",,  50.331879,   3.391811,,,0,place_TJJAUR,0
3582,,"LE GALIBOT",,  50.352969,   3.452605,,,0,place_THERIN,1
3594,,"CHAPELLE DU MARAIS",,  50.397557,   3.612503,,,0,,0
3605,,"BOIS DES MONTAGNES",,  50.355906,   3.471361,,,0,place_TCEFPA,0
3606,,"LYCEE COUTEAUX",,  50.447718,   3.443251,,,0,,0
3629,,"LA PLAINE",,  50.360570,   3.487962,,,0,place_TLAPLA,0
3634,,"LYCEE PAYS DE CONDE",,  50.460772,   3.582401,,,0,place_LYCO,1
3640,,"ESPACE VILLARS",,  50.326478,   3.392524,,,0,place_DLB,0
3643,,"LES 4 VENTS",,  50.463879,   3.516892,,,0,,0
3650,,"R.HASPRES SAL.SPORTS",,  50.254291,   3.377512,,,0,,0
3653,,"ST AMAND ELNON",,  50.454050,   3.430008,,,0,place_PWELL,0
3654,,"LA ROUGE PLIE",,  50.317811,   3.494896,,,0,,0
3667,,"CLG J.-J. ROUSSEAU",,  50.303689,   3.459322,,,0,,0
3673,,"MUSMEAUX",,  50.386973,   3.484078,,,0,,1
3674,,"MARCEL SEMBAT",,  50.385541,   3.482177,,,0,,0
3675,,"BOSQUET",,  50.382263,   3.478091,,,0,,1
3685,,"ST AMAND HOPITAL",,  50.447677,   3.432245,,,0,,0
3696,,"VERCHAIN EGLISE",,  50.267069,   3.475938,,,0,,0
3699,,"HECQUET",,  50.265972,   3.475591,,,0,,0
3719,,"QUIEVRECHAIN PUITS 2",,  50.387196,   3.660380,,,0,,0
3720,,"GUY MORELLE",,  50.396866,   3.664625,,,0,,0
3742,,"MARLY AUTOROUTE",,  50.337704,   3.559089,,,0,place_MAA,0
3774,,"LA TAILLETTE",,  50.459776,   3.494723,,,0,,0
3775,,"HAUTERIVE",,  50.469485,   3.481872,,,0,,0
3780,,"NOTRE DAME AU BOIS",,  50.457258,   3.525293,,,0,,0
3784,,"RUE DE LA BRUYERE",,  50.443441,   3.403439,,,0,,0
3790,,"DUNANT",,  50.446173,   3.426932,,,0,,0
3791,,"MALECOT",,  50.447464,   3.436759,,,0,,0
3794,,"OGURA",,  50.378449,   3.614257,,,0,,0
3795,,"TOYOTA",,  50.366387,   3.609738,,,0,,0
3811,,"QUERENAING CAFE TABAC",,  50.284179,   3.513943,,,0,,0
3816,,"MORTAGNE PONT SCARPE",,  50.499222,   3.450939,,,0,,0
3833,,"FACTEUR",,  50.500654,   3.436631,,,0,,0
3853,,"BOUCHAIN CIMETIERE",,  50.286514,   3.312225,,,0,,0
3856,,"TOUR DU MOULIN",,  50.369039,   3.610501,,,0,,0
3864,,"DACQUIN",,  50.333197,   3.450215,,,0,,0
3913,,"CARNOT",,  50.436850,   3.583658,,,0,place_CARNO,1
3916,,"HAMEAU DE MACOU",,  50.460448,   3.593231,,,0,place_HAMEAU,1
3917,,"TOURNIQUET",,  50.453850,   3.589596,,,0,place_TOURNI,1
3918,,"CONDE HOTEL DE VILLE",,  50.447722,   3.594730,,,0,place_COHOTE,1
3919,,"FRESNES MAIRIE",,  50.432855,   3.579143,,,0,place_FRMAIR,1
3924,,"LECELLES MAIRIE",,  50.477254,   3.402860,,,0,,0
3930,,"SALLE POLYVALENTE",,  50.419717,   3.558574,,,0,place_SPOLYV,1
3931,,"PONT DE BRUAY",,  50.389032,   3.528069,,,0,place_PONBRU,1
3932,,"LES TERRILS D'ANZIN",,  50.378606,   3.519634,,,0,place_TEANZ,0
3933,,"CENTRE DES CONGRES",,  50.374858,   3.516816,,,0,place_RIVESC,1
3934,,"ANDRE PARENT",,  50.370192,   3.513229,,,0,place_ATECEN,1
3936,,"SAINT-WAAST HOPITAL",,  50.363737,   3.491816,,,0,place_TYSAWA,1
3940,,"ESPACE VILLARS",,  50.326026,   3.392693,,,0,place_DLB,1
3971,,"ROUTE D'AULNOY",,  50.344669,   3.531549,,,0,,0
4003,,"VALENCIENNES GARE - QUAI E",,  50.364714,   3.519724,,,0,place_GARE,0
4015,,"DUTEMPLE",,  50.358211,   3.484514,,,0,place_TYDUT,1
4036,,"SAINT-WAAST HOPITAL",,  50.363935,   3.492010,,,0,place_TYSAWA,1
4041,,"RES. UNIVERSITAIRE",,  50.328746,   3.512779,,,0,place_AUL,0
4043,,"CROIX D'ANZIN",,  50.367370,   3.508482,,,0,place_CXA,0
4063,,"MOULIN DES LOUPS",,  50.437109,   3.432677,,,0,,0
4069,,"ANZIN HOTEL DE VILLE",,  50.368767,   3.502363,,,0,place_TYANH,1
4071,,"ST AMAND SNCF",,  50.443694,   3.419101,,,0,place_SAS,1
4083,,"BRUAY PLACE",,  50.397756,   3.535292,,,0,place_BRU,0
4123,,"BRUNEHAUT",,  50.414837,   3.558554,,,0,place_BHUNEH,1
4139,,"VIEUX CONDE PLACE",,  50.457917,   3.568425,,,0,,0
4155,,"CLG JOSQUIN DES PRES",,  50.458501,   3.587433,,,0,place_FQR,0
4188,,"QUAROUBLE 4 PAVES",,  50.391235,   3.620185,,,0,,0
4197,,"ATELIERS",,  50.407307,   3.664675,,,0,,0
4206,,"QUIEVRECH. CALVAIRE",,  50.392416,   3.663010,,,0,,0
4237,,"RUE D'HAVELUY",,  50.330352,   3.401247,,,0,,0
4238,,"TRARIEUX",,  50.327571,   3.402204,,,0,,0
4240,,"ESPACE VILLARS",,  50.326214,   3.392623,,,0,place_DLB,1
4241,,"ESPACE VILLARS",,  50.326399,   3.392775,,,0,place_DLB,1
4284,,"SOUS PREFECTURE",,  50.356034,   3.519555,,,0,place_TYSSPR,0
4294,,"PORTE DE PARIS",,  50.353219,   3.516725,,,0,place_TYFAPA,0
4300,,"ABSCON PLACE",,  50.334703,   3.302318,,,0,,0
4339,,"NUNGESSER",,  50.348186,   3.519028,,,0,place_TYPOMP,0
4359,,"SAULTAIN GARE",,  50.340015,   3.577679,,,0,,0
4404,,"BOUCHAIN GARE",,  50.278550,   3.331823,,,0,,1
4464,,"LA BRIQUETTE",,  50.339769,   3.520797,,,0,place_TYLABR,0
4515,,"JULES CHEVALIER",,  50.333929,   3.518412,,,0,place_TYNOA,0
4542,,"UNIVERSITE",,  50.320089,   3.512533,,,0,place_TYUNI,1
4565,,"BELLEVUE",,  50.336263,   3.402788,,,0,place_TBELVU,0
4566,,"TAFFIN",,  50.329585,   3.386324,,,0,place_TTAFIN,0
4582,,"LE GALIBOT",,  50.352991,   3.452632,,,0,place_THERIN,0
4594,,"CHAPELLE DU MARAIS",,  50.398122,   3.612239,,,0,,0
4621,,"SOLANGE TONINI",,  50.339888,   3.413068,,,0,place_TONINI,0
4640,,"ESPACE VILLARS",,  50.326260,   3.392936,,,0,place_DLB,1
4700,,"PLACE DU HAINAUT",,  50.360057,   3.522600,,,0,,0
4743,,"LE BLEU",,  50.330524,   3.448491,,,0,,0
4918,,"CONDE HOTEL DE VILLE",,  50.447707,   3.594674,,,0,place_COHOTE,0
4936,,"SAINT-WAAST HOPITAL",,  50.363631,   3.492204,,,0,place_TYSAWA,1
4940,,"ESPACE VILLARS",,  50.326437,   3.392539,,,0,place_DLB,1
5003,,"VALENCIENNES GARE - QUAI F",,  50.362910,   3.518804,,,0,place_GARE,1
5007,,"DAMPIERRE",,  50.356274,   3.505193,,,0,,0
5029,,"CANADA",,  50.352871,   3.521575,,,0,,0
5036,,"SAINT-WAAST HOPITAL",,  50.363801,   3.492360,,,0,place_TYSAWA,1
5041,,"RES. UNIVERSITAIRE",,  50.328976,   3.512816,,,0,place_AUL,0
5042,,"PONT JACOB",,  50.365917,   3.513823,,,0,place_TYLYES,0
5043,,"CROIX D'ANZIN",,  50.367361,   3.507983,,,0,place_CXA,0
5059,,"PRUSSIEN",,  50.411788,   3.454345,,,0,place_PXN,0
5069,,"ANZIN HOTEL DE VILLE",,  50.368767,   3.502363,,,0,place_TYANH,1
5071,,"ST AMAND SNCF",,  50.443695,   3.419101,,,0,place_SAS,1
5123,,"BRUNEHAUT",,  50.414836,   3.558669,,,0,place_BHUNEH,1
5137,,"LE BOULON",,  50.456516,   3.575788,,,0,place_BOLON,0
5195,,"BL MISSERON 4 PAVES",,  50.403391,   3.666363,,,0,,0
5238,,"TRARIEUX",,  50.328086,   3.402038,,,0,,0
5241,,"ESPACE VILLARS",,  50.326214,   3.392623,,,0,place_DLB,1
5294,,"PORTE DE PARIS",,  50.353577,   3.516887,,,0,place_TYFAPA,0
5339,,"NUNGESSER",,  50.348716,   3.519648,,,0,place_TYPOMP,0
5354,,"SAULTAIN BARRIERE",,  50.341928,   3.563340,,,0,,0
5359,,"SAULTAIN GARE",,  50.340450,   3.576850,,,0,,0
5404,,"BOUCHAIN GARE",,  50.278511,   3.331565,,,0,,1
5412,,"VOSGES",,  50.342204,   3.516684,,,0,place_TYVOSG,1
5464,,"LA BRIQUETTE",,  50.340061,   3.521054,,,0,place_TYLABR,0
5515,,"JULES CHEVALIER",,  50.334064,   3.518956,,,0,place_TYNOA,0
5542,,"UNIVERSITE",,  50.320089,   3.512533,,,0,place_TYUNI,1
5565,,"BELLEVUE",,  50.336154,   3.402283,,,0,place_TBELVU,0
5566,,"TAFFIN",,  50.329408,   3.385817,,,0,place_TTAFIN,0
5582,,"LE GALIBOT",,  50.352923,   3.452170,,,0,place_THERIN,1
5596,,"RUE DE FRESNES",,  50.414808,   3.597287,,,0,place_RDF,0
5621,,"SOLANGE TONINI",,  50.339754,   3.412681,,,0,place_TONINI,0
5634,,"LYCEE PAYS DE CONDE",,  50.460806,   3.582447,,,0,place_LYCO,1
5640,,"ESPACE VILLARS",,  50.326260,   3.392936,,,0,place_DLB,1
5685,,"ST AMAND HOPITAL",,  50.445675,   3.432629,,,0,,0
5718,,"PLACE DU PARQUIAU",,  50.364168,   3.647075,,,0,,0
5790,,"DUNANT",,  50.446174,   3.426932,,,0,,0
5791,,"MALECOT",,  50.447188,   3.436086,,,0,,0
5864,,"HERGNIES PTE PLACE",,  50.470511,   3.523668,,,0,,0
6003,,"VALENCIENNES GARE - QUAI C",,  50.363758,   3.517877,,,0,place_GARE,1
6029,,"CANADA",,  50.352728,   3.522355,,,0,,0
6040,,"CHEMIN VERT",,  50.330648,   3.514087,,,0,place_TYCHVE,0
6071,,"ST AMAND SNCF",,  50.443761,   3.418816,,,0,place_SAS,1
6122,,"THIERS",,  50.409223,   3.555478,,,0,place_THI,1
6140,,"VX CONDE CIMETIERE",,  50.459373,   3.563746,,,0,,0
6155,,"CLG JOSQUIN DES PRES",,  50.458148,   3.586855,,,0,place_FQR,0
6204,,"CRESPIN ANC. MAIRIE",,  50.421645,   3.661275,,,0,,0
6208,,"QUIEVRECHAIN MAIRIE",,  50.395465,   3.670863,,,0,,0
6240,,"ESPACE VILLARS",,  50.326214,   3.392623,,,0,place_DLB,1
6354,,"SAULTAIN BARRIERE",,  50.342016,   3.563536,,,0,,0
6359,,"SAULTAIN GARE",,  50.340567,   3.576664,,,0,,0
6494,,"COLLEGE JEAN MOULIN",,  50.374207,   3.399337,,,0,,0
6501,,"ARENBERG PLACE",,  50.380552,   3.430851,,,0,,0
6542,,"UNIVERSITE",,  50.320289,   3.512602,,,0,place_TYUNI,1
6576,,"CHENE A L' IMAGE",,  50.448777,   3.557561,,,0,,0
6582,,"LE GALIBOT",,  50.353023,   3.452113,,,0,place_THERIN,1
6634,,"LYCEE PAYS DE CONDE",,  50.460806,   3.582447,,,0,place_LYCO,1
6718,,"PLACE DU PARQUIAU",,  50.364166,   3.647272,,,0,,0
7003,,"VALENCIENNES GARE - QUAI B",,  50.364053,   3.518340,,,0,place_GARE,1
7036,,"SAINT-WAAST HOPITAL",,  50.363563,   3.491734,,,0,place_TYSAWA,1
7040,,"CHEMIN VERT",,  50.330560,   3.513649,,,0,place_TYCHVE,0
7155,,"CLG JOSQUIN DES PRES",,  50.458148,   3.586855,,,0,place_FQR,0
7204,,"CRESPIN ANC. MAIRIE",,  50.422224,   3.660933,,,0,,0
7208,,"QUIEVRECHAIN MAIRIE",,  50.395595,   3.670601,,,0,,0
7240,,"ESPACE VILLARS",,  50.326026,   3.392693,,,0,place_DLB,1
7241,,"ESPACE VILLARS",,  50.326260,   3.392936,,,0,place_DLB,1
7494,,"COLLEGE JEAN MOULIN",,  50.374207,   3.399338,,,0,,0
7501,,"ARENBERG PLACE",,  50.380900,   3.430998,,,0,,0
7542,,"UNIVERSITE",,  50.320289,   3.512602,,,0,place_TYUNI,1
7553,,"ST SAULVE LECUYER",,  50.387297,   3.551572,,,0,place_LEC,1
7576,,"CHENE A L' IMAGE",,  50.448685,   3.557076,,,0,,0
7582,,"LE GALIBOT",,  50.352974,   3.452071,,,0,place_THERIN,0
7640,,"ESPACE VILLARS",,  50.326086,   3.393003,,,0,place_DLB,1
7785,,"HERGNIES 4 SEPTEMBRE",,  50.477912,   3.516498,,,0,,0
7791,,"ETABLISSEMENT BARY",,  50.444932,   3.561685,,,0,,0
7823,,"CLG FELICIEN JOLY",,  50.337861,   3.357473,,,0,,0
7836,,"NOTRE DAME DES ANGES",,  50.450023,   3.423107,,,0,,0
7839,,"COLLEGE J. FROISSART",,  50.400513,   3.657734,,,0,,0
7846,,"COLLEGE JEAN JAURES",,  50.464585,   3.567986,,,0,,1
7852,,"COLLEGE NOTRE DAME",,  50.376452,   3.554308,,,0,,0
7854,,"EGLISE QUIEVRECHAIN",,  50.401108,   3.667060,,,0,,0
7867,,"LA FERME HERGNIES",,  50.477507,   3.521011,,,0,,0
7869,,"RUE DOFFENIES",,  50.482615,   3.524970,,,0,,0
7870,,"DEUX NOS",,  50.484283,   3.528936,,,0,,0
7871,,"NO A HOUX",,  50.486394,   3.532982,,,0,,0
7872,,"JUSTICE",,  50.491311,   3.551694,,,0,,0
7873,,"GEORGES LANNOY",,  50.482963,   3.560890,,,0,,0
7874,,"EDOUARD GHESQUIERE",,  50.479945,   3.566035,,,0,,0
7876,,"QUIEVRE.BOULANGERIE",,  50.399095,   3.668618,,,0,,0
7921,,"ESCAUTPONT EGLISE",,  50.424144,   3.561643,,,0,,0
7922,,"175 RUE TABARY",,  50.425946,   3.550063,,,0,,0
7923,,"203 RUE TABARY",,  50.428374,   3.551567,,,0,,0
7924,,"FRESNES RUE A. VILLE",,  50.432602,   3.559616,,,0,,0
8003,,"VALENCIENNES GARE - QUAI A",,  50.363720,   3.517879,,,0,place_GARE,0
8065,,"PONT DE LA SCARPE",,  50.441721,   3.431198,,,0,,0
8071,,"ST AMAND SNCF",,  50.443810,   3.418891,,,0,place_SAS,0
8108,,"FLORALIES",,  50.342145,   3.548631,,,0,,1
8109,,"MONMOUSSEAU",,  50.338873,   3.551732,,,0,place_MMO,1
8195,,"BL MISSERON 4 PAVES",,  50.403391,   3.666363,,,0,,0
8236,,"LYCEES KASTLER",,  50.329393,   3.405482,,,0,,0
8241,,"ESPACE VILLARS",,  50.326026,   3.392693,,,0,place_DLB,1
8374,,"WALLERS 4 RUES",,  50.372804,   3.393150,,,0,,0
8437,,"EGALITE",,  50.334425,   3.483219,,,0,,1
8494,,"COLLEGE JEAN MOULIN",,  50.374068,   3.399518,,,0,,0
8501,,"ARENBERG PLACE",,  50.380900,   3.430998,,,0,,0
8756,,"COLLEGE FERNIG",,  50.494823,   3.453323,,,0,,0
8791,,"ETABLISSEMENT BARY",,  50.445010,   3.561843,,,0,,0
8823,,"CLG FELICIEN JOLY",,  50.337861,   3.357473,,,0,,0
8836,,"NOTRE DAME DES ANGES",,  50.450023,   3.423107,,,0,,0
8854,,"EGLISE QUIEVRECHAIN",,  50.401162,   3.667173,,,0,,0
8864,,"HERGNIES PTE PLACE",,  50.470585,   3.523543,,,0,,0
8869,,"RUE DOFFENIES",,  50.482343,   3.524663,,,0,,0
8870,,"DEUX NOS",,  50.484081,   3.528861,,,0,,0
8871,,"NO A HOUX",,  50.486319,   3.533059,,,0,,0
8872,,"JUSTICE",,  50.490841,   3.551673,,,0,,0
8873,,"GEORGES LANNOY",,  50.482872,   3.560799,,,0,,0
8874,,"EDOUARD GHESQUIERE",,  50.479831,   3.565968,,,0,,0
8876,,"QUIEVRE.BOULANGERIE",,  50.399128,   3.668749,,,0,,0
8911,,"LE BOULON",,  50.457390,   3.575195,,,0,place_BOLON,1
8921,,"ESCAUTPONT EGLISE",,  50.424233,   3.561738,,,0,,0
8922,,"175 RUE TABARY",,  50.426068,   3.550084,,,0,,0
8923,,"203 RUE TABARY",,  50.428330,   3.551726,,,0,,0
8924,,"FRESNES RUE A. VILLE",,  50.432605,   3.559820,,,0,,0
8988,,"PARKING LACUZON",,  50.356994,   3.514079,,,0,,0
8989,,"PLACE ST NICOLAS",,  50.359587,   3.519692,,,0,,0
8990,,"PLACE D'ARMES",,  50.358517,   3.523680,,,0,,0
8991,,"MAISON DES ASSOC.",,  50.354235,   3.512663,,,0,,0
9003,,"VALENCIENNES GARE - QUAI F",,  50.362941,   3.518638,,,0,place_GARE,1
9065,,"PONT DE LA SCARPE",,  50.441620,   3.431028,,,0,,0
9071,,"ST AMAND SNCF",,  50.443647,   3.419051,,,0,place_SAS,0
9108,,"FLORALIES",,  50.341859,   3.548718,,,0,,1
9109,,"MONMOUSSEAU",,  50.338475,   3.551960,,,0,place_MMO,1
9195,,"BL MISSERON 4 PAVES",,  50.401382,   3.666720,,,0,,0
9236,,"LYCEES KASTLER",,  50.328706,   3.405457,,,0,,0
9241,,"ESPACE VILLARS",,  50.326437,   3.392539,,,0,place_DLB,1
9374,,"WALLERS 4 RUES",,  50.372536,   3.393095,,,0,,0
9437,,"EGALITE",,  50.334587,   3.483333,,,0,,1
9494,,"COLLEGE JEAN MOULIN",,  50.374409,   3.399307,,,0,,0
9501,,"ARENBERG PLACE",,  50.380552,   3.430851,,,0,,0
9756,,"COLLEGE FERNIG",,  50.494823,   3.453323,,,0,,0
9970,,"VALS RUE DU QUESNOY",,  50.354811,   3.528601,,,0,,0
9971,,"LES 3 GRACES",,  50.357539,   3.526711,,,0,,0
9972,,"COURTIN",,  50.352655,   3.531125,,,0,,0
9973,,"VILLETTE",,  50.358888,   3.493980,,,0,,0
9974,,"BLAISE PASCAL",,  50.353259,   3.509573,,,0,,0
9975,,"PLACE VICTOR HUGO",,  50.353641,   3.504044,,,0,,0
9976,,"ODYSSEE",,  50.354363,   3.490050,,,0,,0
9977,,"PARC LEBRET",,  50.325942,   3.401324,,,0,,0
9978,,"PARC D'ACTIVITES",,  50.321478,   3.407280,,,0,,0
9979,,"PLACE BAUDIN",,  50.321604,   3.378757,,,0,,0
9980,,"TURENNE",,  50.330795,   3.382693,,,0,,0
9982,,"MICHEL CHASLES",,  50.382002,   3.470321,,,0,,1
9983,,"ALSTOM",,  50.383594,   3.473442,,,0,,0
9984,,"PISCINE",,  50.321187,   3.394151,,,0,,0
9985,,"DENAIN PL. GAMBETTA",,  50.327733,   3.387386,,,0,,0
9986,,"PARC ZOLA",,  50.323343,   3.387591,,,0,,0
9988,,"PARKING LACUZON",,  50.356967,   3.514169,,,0,,0
9989,,"PLACE ST NICOLAS",,  50.359623,   3.519234,,,0,,0
9991,,"MAISON DES ASSOC.",,  50.353672,   3.512187,,,0,,0
9992,,"VILLARS",,  50.359080,   3.515104,,,0,,0
9993,,"PLACE DES MARRONNIERS",,  50.346632,   3.522416,,,0,,0
9994,,"AVENUE DES ORMES",,  50.346782,   3.524937,,,0,,0
9995,,"CENTRE AQUATIQUE",,  50.348463,   3.527608,,,0,,0
9996,,"BAUDOUIN",,  50.350838,   3.527319,,,0,,0
place_AUL,,"RES. UNIVERSITAIRE",,  50.328828,   3.512818,,,1,,0
place_BHUNEH,,"BRUNEHAUT",,  50.414150,   3.558705,,,1,,0
place_BOLON,,"LE BOULON",,  50.456601,   3.575508,,,1,,0
place_BRU,,"BRUAY PLACE",,  50.396693,   3.538432,,,1,,0
place_CHY,,"MARC LEFRANC",,  50.334323,   3.452525,,,1,,0
place_COHOTE,,"CONDE HOTEL DE VILLE",,  50.447238,   3.594282,,,1,,0
place_CON,,"CONDE PLACE",,  50.447870,   3.592286,,,1,,0
place_DLB,,"ESPACE VILLARS",,  50.326724,   3.392380,,,1,,0
place_ESPON,,"ESCAUTPONT CIMETIERE",,  50.422187,   3.561125,,,1,,0
place_EVP,,"ESCAUTPONT PLACE",,  50.424012,   3.563586,,,1,,0
place_FQR,,"CLG JOSQUIN DES PRES",,  50.458081,   3.586576,,,1,,0
place_FRMAIR,,"FRESNES MAIRIE",,  50.432618,   3.579290,,,1,,0
place_FRUIT,,"FRUITIER",,  50.401889,   3.545497,,,1,,0
place_GARE,,"VALENCIENNES GARE",,  50.362999,   3.518582,,,1,,0
place_HOCHA,,"LES HAUTS CHAMPS",,  50.405341,   3.550231,,,1,,0
place_LEC,,"ST SAULVE LECUYER",,  50.387631,   3.550788,,,1,,0
place_LYCO,,"LYCEE PAYS DE CONDE",,  50.460699,   3.583604,,,1,,0
place_MAA,,"MARLY AUTOROUTE",,  50.337964,   3.559389,,,1,,0
place_MCN,,"MECANICIEN",,  50.455594,   3.585191,,,1,,0
place_MMO,,"MONMOUSSEAU",,  50.338820,   3.551656,,,1,,0
place_PDAL,,"ESPLANADE",,  50.357139,   3.516312,,,1,,0
place_PLOU,,"COLLEGE VOLTAIRE",,  50.315362,   3.354925,,,1,,0
place_POT,,"POTERNE",,  50.362147,   3.530971,,,1,,0
place_PRS,,"RAISMES PLACE",,  50.392185,   3.484194,,,1,,0
place_PWELL,,"ST AMAND ELNON",,  50.453567,   3.429411,,,1,,0
place_PXN,,"PRUSSIEN",,  50.411842,   3.454402,,,1,,0
place_RDF,,"RUE DE FRESNES",,  50.415031,   3.596180,,,1,,0
place_SAS,,"ST AMAND SNCF",,  50.443477,   3.419266,,,1,,0
place_SOL,,"SOLITUDE",,  50.478595,   3.576401,,,1,,0
place_TBELVU,,"BELLEVUE",,  50.336336,   3.400423,,,1,,0
place_THERIN,,"LE GALIBOT",,  50.353050,   3.451877,,,1,,0
place_THI,,"THIERS",,  50.409459,   3.555793,,,1,,0
place_TI@,,"TRITH DE VINCI",,  50.332660,   3.483334,,,1,,0
place_TTAFIN,,"TAFFIN",,  50.329417,   3.385860,,,1,,0
place_TYANH,,"ANZIN HOTEL DE VILLE",,  50.368853,   3.501881,,,1,,0
place_TYFAPA,,"PORTE DE PARIS",,  50.353771,   3.516836,,,1,,0
place_TYSTCA,,"SAINTE-CATHERINE",,  50.351535,   3.516849,,,1,,0
place_TYUNI,,"UNIVERSITE",,  50.319983,   3.512571,,,1,,0
place_CXA,,"CROIX D'ANZIN",,  50.367362,   3.508632,,,1,,0
place_DGR,,"DE GAULLE",,  50.374276,   3.512357,,,1,,0
place_GH,,"PLACE DU HAINAUT",,  50.360057,   3.522600,,,1,,0
place_HAMEAU,,"HAMEAU DE MACOU",,  50.459992,   3.593396,,,1,,0
place_MACOU,,"MACOU",,  50.466947,   3.599037,,,1,,0
place_PAR,,"ANZIN CENTRE",,  50.370304,   3.503986,,,1,,0
place_PFC,,"PF CENTRE COMMERCIAL",,  50.378090,   3.476018,,,1,,0
place_PGA,,"POIRIER GARE",,  50.330813,   3.503759,,,1,,0
place_RIVESC,,"CENTRE DES CONGRES",,  50.375012,   3.516921,,,1,,0
place_TYCHVE,,"CHEMIN VERT",,  50.330669,   3.513980,,,1,,0
place_TYLYES,,"PONT JACOB",,  50.365683,   3.514549,,,1,,0
place_TYSAWA,,"SAINT-WAAST HOPITAL",,  50.363252,   3.491318,,,1,,0
place_TYSSPR,,"SOUS PREFECTURE",,  50.356164,   3.519886,,,1,,0
place_TYVOSG,,"VOSGES",,  50.341886,   3.517340,,,1,,0
place_WAH,,"WALLERS HERTAIN",,  50.373763,   3.383116,,,1,,0
place_ATECEN,,"ANDRE PARENT",,  50.369956,   3.513051,,,1,,0
place_BLEUZ,,"BLEUSE BORNE",,  50.384483,   3.524137,,,1,,0
place_CARNO,,"CARNOT",,  50.437116,   3.583972,,,1,,0
place_PONBRU,,"PONT DE BRUAY",,  50.388953,   3.527947,,,1,,0
place_RUEL,,"RUELLES",,  50.392424,   3.532715,,,1,,0
place_SPOLYV,,"SALLE POLYVALENTE",,  50.419530,   3.558561,,,1,,0
place_TALEND,,"JEAN DULIEU",,  50.326476,   3.385535,,,1,,0
place_TCEFPA,,"BOIS DES MONTAGNES",,  50.355920,   3.471372,,,1,,0
place_TEANZ,,"LES TERRILS D'ANZIN",,  50.378917,   3.519880,,,1,,0
place_TJJAUR,,"JAURES",,  50.331882,   3.391817,,,1,,0
place_TLAPLA,,"LA PLAINE",,  50.358555,   3.490209,,,1,,0
place_TONINI,,"SOLANGE TONINI",,  50.339740,   3.412636,,,1,,0
place_TOURNI,,"TOURNIQUET",,  50.454287,   3.589936,,,1,,0
place_TYCLEM,,"CLEMENCEAU",,  50.360374,   3.520978,,,1,,0
place_TYDUT,,"DUTEMPLE",,  50.358238,   3.484556,,,1,,0
place_TYLABR,,"LA BRIQUETTE",,  50.340054,   3.521073,,,1,,0
place_TYLOTT,,"MORIAMEZ RECHERCHE",,  50.325008,   3.514383,,,1,,0
place_TYNOA,,"JULES CHEVALIER",,  50.334061,   3.518959,,,1,,0
place_TYPOMP,,"NUNGESSER",,  50.348714,   3.519679,,,1,,0
place_TYVIPO,,"HOTEL DE VILLE",,  50.358485,   3.522581,,,1,,0
place_TYWATT,,"CAMPUS MONT HOUY",,  50.328824,   3.514586,,,1,,0
